Target,pdb_id,Chain,Warhead,SMILES,%Exposed,pdb_path
Protease,1d4k,A,PI8,CC[C@H](C)[C@@H]1NC(=O)[C@@H](NC[C@@H](O)C[C@@H](Cc2ccccc2)C(=O)N[C@H]2c3ccccc3C[C@H]2O)Cc2ccc(cc2)OCCCCCNC1=O,0.784,/home/jxs794/WEBTOOLs/PROTAC-Target-Builder/jobs/d750cfea/WAR_PDB/Protease/1d4k_A_PI8.pdb
Protease,3hdk,B,2NC,CCCC[C@@H](CN[C@@H](CCCC)C(=O)N[C@@H](CCC(N)=O)C(=O)N[C@@H](CCCNC(N)=[NH2+])C(N)=O)NC(=O)[C@@H](NC(=O)[C@@H](NC(C)=O)[C@@H](C)O)[C@@H](C)CC,0.778,/home/jxs794/WEBTOOLs/PROTAC-Target-Builder/jobs/d750cfea/WAR_PDB/Protease/3hdk_B_2NC.pdb
Protease,3ekp,C,478,CC(C)CN(C[C@@H](O)[C@H](Cc1ccccc1)NC(=O)O[C@H]1CCOC1)S(=O)(=O)c1ccc(N)cc1,0.771,/home/jxs794/WEBTOOLs/PROTAC-Target-Builder/jobs/d750cfea/WAR_PDB/Protease/3ekp_C_478.pdb
Protease,3bxs,A,DRS,CC(C)[C@@H]1NC(=O)CCCCOc2ccc(cc2)C[C@@H](C(=O)O)NC1=O,0.769,/home/jxs794/WEBTOOLs/PROTAC-Target-Builder/jobs/d750cfea/WAR_PDB/Protease/3bxs_A_DRS.pdb
Protease,1d4l,A,PI9,CC(C)CCN(C[C@@H](O)[C@@H]1Cc2ccc(cc2)OCCCCCC(=O)N[C@@H](C(C)C)C(=O)N1)S(=O)(=O)c1ccc(N)cc1,0.767,/home/jxs794/WEBTOOLs/PROTAC-Target-Builder/jobs/d750cfea/WAR_PDB/Protease/1d4l_A_PI9.pdb
Protease,3ekx,B,1UN,Cc1c(O)cccc1C(=O)N[C@@H](CSc1ccccc1)[C@H](O)CN1C[C@H]2CCCC[C@H]2C[C@H]1C(=O)NC(C)(C)C,0.75,/home/jxs794/WEBTOOLs/PROTAC-Target-Builder/jobs/d750cfea/WAR_PDB/Protease/3ekx_B_1UN.pdb
Protease,3oxx,C,DR7,COC(=O)N[C@H](C(=O)N[C@@H](Cc1ccccc1)[C@@H](O)CN(Cc1ccc(-c2ccccn2)cc1)NC(=O)[C@@H](NC(=O)OC)C(C)(C)C)C(C)(C)C,0.745,/home/jxs794/WEBTOOLs/PROTAC-Target-Builder/jobs/d750cfea/WAR_PDB/Protease/3oxx_C_DR7.pdb
Protease,3em3,B,478,CC(C)CN(C[C@@H](O)[C@H](Cc1ccccc1)NC(=O)O[C@H]1CCOC1)S(=O)(=O)c1ccc(N)cc1,0.743,/home/jxs794/WEBTOOLs/PROTAC-Target-Builder/jobs/d750cfea/WAR_PDB/Protease/3em3_B_478.pdb
Protease,3oxv,C,478,CC(C)CN(C[C@@H](O)[C@H](Cc1ccccc1)NC(=O)O[C@H]1CCOC1)S(=O)(=O)c1ccc(N)cc1,0.743,/home/jxs794/WEBTOOLs/PROTAC-Target-Builder/jobs/d750cfea/WAR_PDB/Protease/3oxv_C_478.pdb
Protease,3hau,A,2NC,CCCC[C@@H](CN[C@@H](CCCC)C(=O)N[C@@H](CCC(N)=O)C(=O)N[C@@H](CCCNC(N)=[NH2+])C(N)=O)NC(=O)[C@@H](NC(=O)[C@@H](NC(C)=O)[C@@H](C)O)[C@@H](C)CC,0.741,/home/jxs794/WEBTOOLs/PROTAC-Target-Builder/jobs/d750cfea/WAR_PDB/Protease/3hau_A_2NC.pdb
Protease,3haw,B,2NC,CCCC[C@@H](CN[C@@H](CCCC)C(=O)N[C@@H](CCC(N)=O)C(=O)N[C@@H](CCCNC(N)=[NH2+])C(N)=O)NC(=O)[C@@H](NC(=O)[C@@H](NC(C)=O)[C@@H](C)O)[C@@H](C)CC,0.741,/home/jxs794/WEBTOOLs/PROTAC-Target-Builder/jobs/d750cfea/WAR_PDB/Protease/3haw_B_2NC.pdb
Protease,3nwq,A,2NC,CCCC[C@@H](CN[C@@H](CCCC)C(=O)N[C@@H](CCC(N)=O)C(=O)N[C@@H](CCCNC(N)=[NH2+])C(N)=O)NC(=O)[C@@H](NC(=O)[C@@H](NC(C)=O)[C@@H](C)O)[C@@H](C)CC,0.741,/home/jxs794/WEBTOOLs/PROTAC-Target-Builder/jobs/d750cfea/WAR_PDB/Protease/3nwq_A_2NC.pdb
Protease,3ekt,D,017,CC(C)CN(C[C@@H](O)[C@H](Cc1ccccc1)NC(=O)O[C@H]1CO[C@H]2OCC[C@H]21)S(=O)(=O)c1ccc(N)cc1,0.737,/home/jxs794/WEBTOOLs/PROTAC-Target-Builder/jobs/d750cfea/WAR_PDB/Protease/3ekt_D_017.pdb
Protease,3oy4,B,017,CC(C)CN(C[C@@H](O)[C@H](Cc1ccccc1)NC(=O)O[C@H]1CO[C@H]2OCC[C@H]21)S(=O)(=O)c1ccc(N)cc1,0.737,/home/jxs794/WEBTOOLs/PROTAC-Target-Builder/jobs/d750cfea/WAR_PDB/Protease/3oy4_B_017.pdb
Protease,3bxr,B,DRR,CC[C@H](C)[C@@H]1NC(=O)[C@@H](NC(=O)[C@@H]2Cc3ccc(cc3)OCCCCC(=O)N[C@@H](C(C)C)C(=O)N2)Cc2ccc(cc2)OCCCNC1=O,0.735,/home/jxs794/WEBTOOLs/PROTAC-Target-Builder/jobs/d750cfea/WAR_PDB/Protease/3bxr_B_DRR.pdb
Protease,3el4,A,ROC,CC(C)(C)NC(=O)[C@@H]1C[C@@H]2CCCC[C@@H]2CN1C[C@@H](O)[C@H](Cc1ccccc1)NC(=O)[C@H](CC(N)=O)NC(=O)c1ccc2ccccc2n1,0.735,/home/jxs794/WEBTOOLs/PROTAC-Target-Builder/jobs/d750cfea/WAR_PDB/Protease/3el4_A_ROC.pdb
Protease,1z1h,A,HBB,CC(C)CCN(C[C@@H](O)[C@@H]1Cc2ccc(cc2)OCCCC(=O)N[C@@H](C(C)C)C(=O)N1)S(=O)(=O)c1ccccc1,0.725,/home/jxs794/WEBTOOLs/PROTAC-Target-Builder/jobs/d750cfea/WAR_PDB/Protease/1z1h_A_HBB.pdb
Protease,3ekw,B,DR7,COC(=O)N[C@H](C(=O)N[C@@H](Cc1ccccc1)[C@@H](O)CN(Cc1ccc(-c2ccccn2)cc1)NC(=O)[C@@H](NC(=O)OC)C(C)(C)C)C(C)(C)C,0.725,/home/jxs794/WEBTOOLs/PROTAC-Target-Builder/jobs/d750cfea/WAR_PDB/Protease/3ekw_B_DR7.pdb
Protease,3oxv,A,478,CC(C)CN(C[C@@H](O)[C@H](Cc1ccccc1)NC(=O)O[C@H]1CCOC1)S(=O)(=O)c1ccc(N)cc1,0.714,/home/jxs794/WEBTOOLs/PROTAC-Target-Builder/jobs/d750cfea/WAR_PDB/Protease/3oxv_A_478.pdb
Protease,3oxw,B,017,CC(C)CN(C[C@@H](O)[C@H](Cc1ccccc1)NC(=O)O[C@H]1CO[C@H]2OCC[C@H]21)S(=O)(=O)c1ccc(N)cc1,0.711,/home/jxs794/WEBTOOLs/PROTAC-Target-Builder/jobs/d750cfea/WAR_PDB/Protease/3oxw_B_017.pdb
Protease,3oxw,D,017,CC(C)CN(C[C@@H](O)[C@H](Cc1ccccc1)NC(=O)O[C@H]1CO[C@H]2OCC[C@H]21)S(=O)(=O)c1ccc(N)cc1,0.711,/home/jxs794/WEBTOOLs/PROTAC-Target-Builder/jobs/d750cfea/WAR_PDB/Protease/3oxw_D_017.pdb
Protease,3el9,A,DR7,COC(=O)N[C@H](C(=O)N[C@@H](Cc1ccccc1)[C@@H](O)CN(Cc1ccc(-c2ccccn2)cc1)NC(=O)[C@@H](NC(=O)OC)C(C)(C)C)C(C)(C)C,0.706,/home/jxs794/WEBTOOLs/PROTAC-Target-Builder/jobs/d750cfea/WAR_PDB/Protease/3el9_A_DR7.pdb
Protease,3em4,A,DR7,COC(=O)N[C@H](C(=O)N[C@@H](Cc1ccccc1)[C@@H](O)CN(Cc1ccc(-c2ccccn2)cc1)NC(=O)[C@@H](NC(=O)OC)C(C)(C)C)C(C)(C)C,0.706,/home/jxs794/WEBTOOLs/PROTAC-Target-Builder/jobs/d750cfea/WAR_PDB/Protease/3em4_A_DR7.pdb
Protease,3em4,V,DR7,COC(=O)N[C@H](C(=O)N[C@@H](Cc1ccccc1)[C@@H](O)CN(Cc1ccc(-c2ccccn2)cc1)NC(=O)[C@@H](NC(=O)OC)C(C)(C)C)C(C)(C)C,0.706,/home/jxs794/WEBTOOLs/PROTAC-Target-Builder/jobs/d750cfea/WAR_PDB/Protease/3em4_V_DR7.pdb
Protease,3oxx,A,DR7,COC(=O)N[C@H](C(=O)N[C@@H](Cc1ccccc1)[C@@H](O)CN(Cc1ccc(-c2ccccn2)cc1)NC(=O)[C@@H](NC(=O)OC)C(C)(C)C)C(C)(C)C,0.706,/home/jxs794/WEBTOOLs/PROTAC-Target-Builder/jobs/d750cfea/WAR_PDB/Protease/3oxx_A_DR7.pdb
Protease,3mxd,A,K53,CC(C)CN(C[C@@H](O)[C@H](Cc1ccccc1)NC(=O)[C@@H]1CN(c2ccccc2O)C(=O)O1)S(=O)(=O)c1ccc2c(c1)OCO2,0.705,/home/jxs794/WEBTOOLs/PROTAC-Target-Builder/jobs/d750cfea/WAR_PDB/Protease/3mxd_A_K53.pdb
Protease,3hbo,A,2NC,CCCC[C@@H](CN[C@@H](CCCC)C(=O)N[C@@H](CCC(N)=O)C(=O)N[C@@H](CCCNC(N)=[NH2+])C(N)=O)NC(=O)[C@@H](NC(=O)[C@@H](NC(C)=O)[C@@H](C)O)[C@@H](C)CC,0.704,/home/jxs794/WEBTOOLs/PROTAC-Target-Builder/jobs/d750cfea/WAR_PDB/Protease/3hbo_A_2NC.pdb
Protease,3nyg,A,2NC,CCCC[C@@H](CN[C@@H](CCCC)C(=O)N[C@@H](CCC(N)=O)C(=O)N[C@@H](CCCNC(N)=[NH2+])C(N)=O)NC(=O)[C@@H](NC(=O)[C@@H](NC(C)=O)[C@@H](C)O)[C@@H](C)CC,0.704,/home/jxs794/WEBTOOLs/PROTAC-Target-Builder/jobs/d750cfea/WAR_PDB/Protease/3nyg_A_2NC.pdb
Protease,3mxe,A,K54,CC(C)CN(C[C@@H](O)[C@H](Cc1ccccc1)NC(=O)[C@@H]1CN(c2ccccc2C(F)(F)F)C(=O)O1)S(=O)(=O)c1ccc2ncsc2c1,0.702,/home/jxs794/WEBTOOLs/PROTAC-Target-Builder/jobs/d750cfea/WAR_PDB/Protease/3mxe_A_K54.pdb
Protease,3el0,A,1UN,Cc1c(O)cccc1C(=O)N[C@@H](CSc1ccccc1)[C@H](O)CN1C[C@H]2CCCC[C@H]2C[C@H]1C(=O)NC(C)(C)C,0.7,/home/jxs794/WEBTOOLs/PROTAC-Target-Builder/jobs/d750cfea/WAR_PDB/Protease/3el0_A_1UN.pdb
Protease,3bxs,B,DRS,CC(C)[C@@H]1NC(=O)CCCCOc2ccc(cc2)C[C@@H](C(=O)O)NC1=O,0.692,/home/jxs794/WEBTOOLs/PROTAC-Target-Builder/jobs/d750cfea/WAR_PDB/Protease/3bxs_B_DRS.pdb
Protease,3ekp,B,478,CC(C)CN(C[C@@H](O)[C@H](Cc1ccccc1)NC(=O)O[C@H]1CCOC1)S(=O)(=O)c1ccc(N)cc1,0.686,/home/jxs794/WEBTOOLs/PROTAC-Target-Builder/jobs/d750cfea/WAR_PDB/Protease/3ekp_B_478.pdb
Protease,3ekv,A,478,CC(C)CN(C[C@@H](O)[C@H](Cc1ccccc1)NC(=O)O[C@H]1CCOC1)S(=O)(=O)c1ccc(N)cc1,0.686,/home/jxs794/WEBTOOLs/PROTAC-Target-Builder/jobs/d750cfea/WAR_PDB/Protease/3ekv_A_478.pdb
Protease,3el1,A,DR7,COC(=O)N[C@H](C(=O)N[C@@H](Cc1ccccc1)[C@@H](O)CN(Cc1ccc(-c2ccccn2)cc1)NC(=O)[C@@H](NC(=O)OC)C(C)(C)C)C(C)(C)C,0.686,/home/jxs794/WEBTOOLs/PROTAC-Target-Builder/jobs/d750cfea/WAR_PDB/Protease/3el1_A_DR7.pdb
Protease,3lzv,A,017,CC(C)CN(C[C@@H](O)[C@H](Cc1ccccc1)NC(=O)O[C@H]1CO[C@H]2OCC[C@H]21)S(=O)(=O)c1ccc(N)cc1,0.684,/home/jxs794/WEBTOOLs/PROTAC-Target-Builder/jobs/d750cfea/WAR_PDB/Protease/3lzv_A_017.pdb
Protease,3nwx,B,KVS,[H]/N=C(\N)NCCC[C@H](NC(=O)[C@H](CCC(N)=O)NC(=O)[C@H](CCCC)CC(O)(O)[C@H](CCCC)NC(=O)[C@@H](NC(=O)[C@@H](NC(C)=O)[C@@H](C)O)[C@@H](C)CC)C(N)=O,0.679,/home/jxs794/WEBTOOLs/PROTAC-Target-Builder/jobs/d750cfea/WAR_PDB/Protease/3nwx_B_KVS.pdb
Protease,3ekq,A,ROC,CC(C)(C)NC(=O)[C@@H]1C[C@@H]2CCCC[C@@H]2CN1C[C@@H](O)[C@H](Cc1ccccc1)NC(=O)[C@H](CC(N)=O)NC(=O)c1ccc2ccccc2n1,0.673,/home/jxs794/WEBTOOLs/PROTAC-Target-Builder/jobs/d750cfea/WAR_PDB/Protease/3ekq_A_ROC.pdb
Protease,3eky,A,DR7,COC(=O)N[C@H](C(=O)N[C@@H](Cc1ccccc1)[C@@H](O)CN(Cc1ccc(-c2ccccn2)cc1)NC(=O)[C@@H](NC(=O)OC)C(C)(C)C)C(C)(C)C,0.667,/home/jxs794/WEBTOOLs/PROTAC-Target-Builder/jobs/d750cfea/WAR_PDB/Protease/3eky_A_DR7.pdb
Protease,3ekt,B,017,CC(C)CN(C[C@@H](O)[C@H](Cc1ccccc1)NC(=O)O[C@H]1CO[C@H]2OCC[C@H]21)S(=O)(=O)c1ccc(N)cc1,0.658,/home/jxs794/WEBTOOLs/PROTAC-Target-Builder/jobs/d750cfea/WAR_PDB/Protease/3ekt_B_017.pdb
Protease,3em6,A,017,CC(C)CN(C[C@@H](O)[C@H](Cc1ccccc1)NC(=O)O[C@H]1CO[C@H]2OCC[C@H]21)S(=O)(=O)c1ccc(N)cc1,0.658,/home/jxs794/WEBTOOLs/PROTAC-Target-Builder/jobs/d750cfea/WAR_PDB/Protease/3em6_A_017.pdb
Protease,3oxv,B,478,CC(C)CN(C[C@@H](O)[C@H](Cc1ccccc1)NC(=O)O[C@H]1CCOC1)S(=O)(=O)c1ccc(N)cc1,0.657,/home/jxs794/WEBTOOLs/PROTAC-Target-Builder/jobs/d750cfea/WAR_PDB/Protease/3oxv_B_478.pdb
Protease,3el5,B,1UN,Cc1c(O)cccc1C(=O)N[C@@H](CSc1ccccc1)[C@H](O)CN1C[C@H]2CCCC[C@H]2C[C@H]1C(=O)NC(C)(C)C,0.65,/home/jxs794/WEBTOOLs/PROTAC-Target-Builder/jobs/d750cfea/WAR_PDB/Protease/3el5_B_1UN.pdb
Protease,1z1r,A,HBH,CC(C)CCN(C[C@@H](O)[C@@H]1Cc2ccc(cc2)OCCCC(=O)N[C@@H](CC(N)=O)C(=O)N1)S(=O)(=O)c1ccccc1,0.61,/home/jxs794/WEBTOOLs/PROTAC-Target-Builder/jobs/d750cfea/WAR_PDB/Protease/1z1r_A_HBH.pdb
