protein,pdb,chain,ligand,MW,Name
EGFR,1xkk,A,FMM,581.058,N-{3-CHLORO-4-[(3-FLUOROBENZYL)OXY]PHENYL}-6-[5-({[2-(METHYLSULFONYL)ETHYL]AMINO}METHYL)-2-FURYL]-4-QUINAZOLINAMINE
EGFR,1m17,A,AQ4,393.436,"[6,7-BIS(2-METHOXY-ETHOXY)QUINAZOLINE-4-YL]-(3-ETHYNYLPHENYL)AMINE"
EGFR,2gs6,B,112,580.298,THIOPHOSPHORIC ACID O-((ADENOSYL-PHOSPHO)PHOSPHO)-S-ACETAMIDYL-DIESTER
EGFR,1cf4,A,GNP,522.196,PHOSPHOAMINOPHOSPHONIC ACID-GUANYLATE ESTER
EGFR,2ito,A,IRE,446.902,Gefitinib
EGFR,2itp,A,AEE,440.583,"6-{4-[(4-ETHYLPIPERAZIN-1-YL)METHYL]PHENYL}-N-[(1R)-1-PHENYLETHYL]-7H-PYRROLO[2,3-D]PYRIMIDIN-4-AMINE"
EGFR,2itt,A,AEE,440.583,"6-{4-[(4-ETHYLPIPERAZIN-1-YL)METHYL]PHENYL}-N-[(1R)-1-PHENYLETHYL]-7H-PYRROLO[2,3-D]PYRIMIDIN-4-AMINE"
EGFR,2itq,A,ITQ,468.547,"1,2,3,4-Tetrahydrogen Staurosporine"
EGFR,2itu,A,ITQ,468.547,"1,2,3,4-Tetrahydrogen Staurosporine"
EGFR,2itw,A,ITQ,468.547,"1,2,3,4-Tetrahydrogen Staurosporine"
EGFR,2ity,A,IRE,446.902,Gefitinib
EGFR,2itz,A,IRE,446.902,Gefitinib
EGFR,2j6m,A,AEE,440.583,"6-{4-[(4-ETHYLPIPERAZIN-1-YL)METHYL]PHENYL}-N-[(1R)-1-PHENYLETHYL]-7H-PYRROLO[2,3-D]PYRIMIDIN-4-AMINE"
EGFR,2jiv,A,HKI,559.059,N-(4-{[3-chloro-4-(pyridin-2-ylmethoxy)phenyl]amino}-3-cyano-7-ethoxyquinolin-6-yl)-4-(dimethylamino)butanamide
EGFR,2jiv,B,HKI,559.059,N-(4-{[3-chloro-4-(pyridin-2-ylmethoxy)phenyl]amino}-3-cyano-7-ethoxyquinolin-6-yl)-4-(dimethylamino)butanamide
EGFR,2jiu,A,AEE,440.583,"6-{4-[(4-ETHYLPIPERAZIN-1-YL)METHYL]PHENYL}-N-[(1R)-1-PHENYLETHYL]-7H-PYRROLO[2,3-D]PYRIMIDIN-4-AMINE"
EGFR,2j5f,A,DJK,369.215,N-[4-(3-BROMO-PHENYLAMINO)-QUINAZOLIN-6-YL]-ACRYLAMIDE
EGFR,2rgp,A,HYZ,446.523,"N-[1-(3-fluorobenzyl)-1H-indazol-5-yl]-5-[(piperidin-1-ylamino)methyl]pyrimidine-4,6-diamine"
EGFR,3bel,A,POX,435.454,4-amino-6-{[1-(3-fluorobenzyl)-1H-indazol-5-yl]amino}pyrimidine-5-carbaldehyde O-(2-methoxyethyl)oxime
EGFR,2xkn,B,PE4,354.436,2-{2-[2-(2-{2-[2-(2-ETHOXY-ETHOXY)-ETHOXY]-ETHOXY}-ETHOXY)-ETHOXY]-ETHOXY}-ETHANOL
EGFR,2xkn,D,PE4,354.436,2-{2-[2-(2-{2-[2-(2-ETHOXY-ETHOXY)-ETHOXY]-ETHOXY}-ETHOXY)-ETHOXY]-ETHOXY}-ETHANOL
EGFR,3i7z,A,VO4,114.939,VANADATE ION
EGFR,3ika,A,0UN,494.973,N-{3-[(5-chloro-2-{[2-methoxy-4-(4-methylpiperazin-1-yl)phenyl]amino}pyrimidin-4-yl)oxy]phenyl}prop-2-enamide
EGFR,3lzb,A,ITI,587.694,"N-[3-(5-{2-[(4-morpholin-4-ylphenyl)amino]pyrimidin-4-yl}imidazo[2,1-b][1,3]thiazol-6-yl)phenyl]-2-phenylacetamide"
EGFR,3lzb,B,ITI,587.694,"N-[3-(5-{2-[(4-morpholin-4-ylphenyl)amino]pyrimidin-4-yl}imidazo[2,1-b][1,3]thiazol-6-yl)phenyl]-2-phenylacetamide"
EGFR,3lzb,C,ITI,587.694,"N-[3-(5-{2-[(4-morpholin-4-ylphenyl)amino]pyrimidin-4-yl}imidazo[2,1-b][1,3]thiazol-6-yl)phenyl]-2-phenylacetamide"
EGFR,3lzb,D,ITI,587.694,"N-[3-(5-{2-[(4-morpholin-4-ylphenyl)amino]pyrimidin-4-yl}imidazo[2,1-b][1,3]thiazol-6-yl)phenyl]-2-phenylacetamide"
EGFR,3poz,A,03P,547.957,"N-{2-[4-({3-chloro-4-[3-(trifluoromethyl)phenoxy]phenyl}amino)-5H-pyrrolo[3,2-d]pyrimidin-5-yl]ethyl}-3-hydroxy-3-methylbutanamide"
EGFR,3ug2,A,IRE,446.902,Gefitinib
EGFR,3w2o,A,03P,547.957,"N-{2-[4-({3-chloro-4-[3-(trifluoromethyl)phenoxy]phenyl}amino)-5H-pyrrolo[3,2-d]pyrimidin-5-yl]ethyl}-3-hydroxy-3-methylbutanamide"
EGFR,3w2r,A,W2R,565.063,"1-{3-[2-chloro-4-({5-[2-(2-hydroxyethoxy)ethyl]-5H-pyrrolo[3,2-d]pyrimidin-4-yl}amino)phenoxy]phenyl}-3-cyclohexylurea"
EGFR,3w2q,A,HKI,559.059,N-(4-{[3-chloro-4-(pyridin-2-ylmethoxy)phenyl]amino}-3-cyano-7-ethoxyquinolin-6-yl)-4-(dimethylamino)butanamide
EGFR,3w2s,A,W2R,565.063,"1-{3-[2-chloro-4-({5-[2-(2-hydroxyethoxy)ethyl]-5H-pyrrolo[3,2-d]pyrimidin-4-yl}amino)phenoxy]phenyl}-3-cyclohexylurea"
EGFR,3w32,A,W32,581.994,"4-({3-chloro-4-[3-(trifluoromethyl)phenoxy]phenyl}amino)-N-[2-(methylsulfonyl)ethyl]-8,9-dihydro-7H-pyrimido[4,5-b]azepine-6-carboxamide"
EGFR,3w33,A,W19,507.992,"4-{[4-(1-benzothiophen-4-yloxy)-3-chlorophenyl]amino}-N-(2-hydroxyethyl)-8,9-dihydro-7H-pyrimido[4,5-b]azepine-6-carboxamide"
EGFR,4hjo,A,AQ4,393.436,"[6,7-BIS(2-METHOXY-ETHOXY)QUINAZOLINE-4-YL]-(3-ETHYNYLPHENYL)AMINE"
EGFR,4g5j,A,0WN,487.954,N-{4-[(3-chloro-4-fluorophenyl)amino]-7-[(3S)-tetrahydrofuran-3-yloxy]quinazolin-6-yl}-4-(dimethylamino)butanamide
EGFR,4g5j,A,0WM,485.938,(2E)-N-{4-[(3-chloro-4-fluorophenyl)amino]-7-[(3S)-tetrahydrofuran-3-yloxy]quinazolin-6-yl}-4-(dimethylamino)but-2-enamide
EGFR,3w2p,A,W2P,560.998,"N-{2-[4-({3-chloro-4-[3-(trifluoromethyl)phenoxy]phenyl}amino)-5H-pyrrolo[3,2-d]pyrimidin-5-yl]ethyl}-4-(dimethylamino)butanamide"
EGFR,4g5p,A,0WN,487.954,N-{4-[(3-chloro-4-fluorophenyl)amino]-7-[(3S)-tetrahydrofuran-3-yloxy]quinazolin-6-yl}-4-(dimethylamino)butanamide
EGFR,4jq7,A,KJQ,407.464,"(2S)-2-[(5,6-diphenylfuro[2,3-d]pyrimidin-4-yl)amino]-2-phenylethanol"
EGFR,4i22,A,IRE,446.902,Gefitinib
EGFR,4jq8,A,KJ8,521.61,"N-[3-(4-{[(1S)-2-hydroxy-1-phenylethyl]amino}-6-phenylfuro[2,3-d]pyrimidin-5-yl)phenyl]-N~3~,N~3~-dimethyl-beta-alaninamide"
EGFR,4i24,A,1C9,469.939,(2E)-N-{4-[(3-chloro-4-fluorophenyl)amino]-7-methoxyquinazolin-6-yl}-4-(piperidin-1-yl)but-2-enamide
EGFR,4i24,B,1C9,469.939,(2E)-N-{4-[(3-chloro-4-fluorophenyl)amino]-7-methoxyquinazolin-6-yl}-4-(piperidin-1-yl)but-2-enamide
EGFR,4jrv,A,KJV,535.636,"4-(dimethylamino)-N-[3-(4-{[(1S)-2-hydroxy-1-phenylethyl]amino}-6-phenylfuro[2,3-d]pyrimidin-5-yl)phenyl]butanamide"
EGFR,4i23,A,1C9,469.939,(2E)-N-{4-[(3-chloro-4-fluorophenyl)amino]-7-methoxyquinazolin-6-yl}-4-(piperidin-1-yl)but-2-enamide
EGFR,4jr3,A,KJR,464.515,"N-[3-(4-{[(1S)-2-hydroxy-1-phenylethyl]amino}-6-phenylfuro[2,3-d]pyrimidin-5-yl)phenyl]acetamide"
EGFR,4ll0,A,YUN,371.231,N-{4-[(3-bromophenyl)amino]quinazolin-6-yl}propanamide
EGFR,4ll0,B,YUN,371.231,N-{4-[(3-bromophenyl)amino]quinazolin-6-yl}propanamide
EGFR,4lqm,A,DJK,369.215,N-[4-(3-BROMO-PHENYLAMINO)-QUINAZOLIN-6-YL]-ACRYLAMIDE
EGFR,4r5s,A,FI3,693.623,"N-[4-({[(2,6-dichloro-3,5-dimethoxyphenyl)carbamoyl](6-{[4-(4-methylpiperazin-1-yl)phenyl]amino}pyrimidin-4-yl)amino}methyl)phenyl]propanamide"
EGFR,4rj4,A,3QW,432.521,"N-[2-(4-methoxypiperidin-1-yl)pyrimidin-4-yl]-1-(propan-2-yl)-2-(1H-pyrazol-4-yl)-1H-pyrrolo[3,2-c]pyridin-6-amine"
EGFR,4r5y,A,3K3,478.423,"5-({(1R,1aS,6bR)-1-[5-(trifluoromethyl)-1H-benzimidazol-2-yl]-1a,6b-dihydro-1H-cyclopropa[b][1]benzofuran-5-yl}oxy)-3,4-dihydro-1,8-naphthyridin-2(1H)-one"
EGFR,4r5y,B,3K3,478.423,"5-({(1R,1aS,6bR)-1-[5-(trifluoromethyl)-1H-benzimidazol-2-yl]-1a,6b-dihydro-1H-cyclopropa[b][1]benzofuran-5-yl}oxy)-3,4-dihydro-1,8-naphthyridin-2(1H)-one"
EGFR,4lrm,A,YUN,371.231,N-{4-[(3-bromophenyl)amino]quinazolin-6-yl}propanamide
EGFR,4lrm,B,YUN,371.231,N-{4-[(3-bromophenyl)amino]quinazolin-6-yl}propanamide
EGFR,4lrm,C,YUN,371.231,N-{4-[(3-bromophenyl)amino]quinazolin-6-yl}propanamide
EGFR,4lrm,D,YUN,371.231,N-{4-[(3-bromophenyl)amino]quinazolin-6-yl}propanamide
EGFR,4lrm,E,YUN,371.231,N-{4-[(3-bromophenyl)amino]quinazolin-6-yl}propanamide
EGFR,4rj5,A,3QY,390.442,"N-[2-(4-methoxypiperidin-1-yl)pyrimidin-4-yl]-2-(1H-pyrazol-4-yl)-1H-pyrrolo[3,2-c]pyridin-6-amine"
EGFR,4wkq,A,IRE,446.902,Gefitinib
EGFR,4rj7,A,3R1,447.318,"2,6-dichloro-N-{2-[(2-{[(2S)-1-hydroxypropan-2-yl]amino}-6-methylpyrimidin-4-yl)amino]pyridin-4-yl}benzamide"
EGFR,4zau,A,YY3,499.607,N-(2-{[2-(dimethylamino)ethyl](methyl)amino}-4-methoxy-5-{[4-(1-methyl-1H-indol-3-yl)pyrimidin-2-yl]amino}phenyl)prop-2-enamide
EGFR,4v0g,A,G9B,521.616,N-[3-(2-{3-amino-6-[1-(1-methylpiperidin-4-yl)-1H-pyrazol-4-yl]pyrazin-2-yl}-1H-benzimidazol-1-yl)phenyl]propanamide
EGFR,4v0g,B,G9B,521.616,N-[3-(2-{3-amino-6-[1-(1-methylpiperidin-4-yl)-1H-pyrazol-4-yl]pyrazin-2-yl}-1H-benzimidazol-1-yl)phenyl]propanamide
EGFR,4wd5,A,3LH,423.467,"N-{2-methyl-5-[2-oxo-9-(1H-pyrazol-4-yl)benzo[h][1,6]naphthyridin-1(2H)-yl]phenyl}propanamide"
EGFR,4rj8,A,3QS,392.497,"1-cyclopentyl-N-[2-(4-methoxypiperidin-1-yl)pyrimidin-4-yl]-1H-pyrrolo[3,2-c]pyridin-6-amine"
EGFR,4rj6,A,3R0,391.43,"N-[2-(4-methoxypiperidin-1-yl)pyrimidin-4-yl]-2-(1H-pyrazol-4-yl)-3H-imidazo[4,5-c]pyridin-6-amine"
EGFR,5c8m,A,4YW,429.539,"2-methyl-N-{2-[4-(methylsulfonyl)piperidin-1-yl]pyrimidin-4-yl}-1-(propan-2-yl)-1H-imidazo[4,5-c]pyridin-6-amine"
EGFR,5cao,A,4ZG,417.528,"N~2~-[2-methyl-2-(methylsulfonyl)propyl]-N~4~-[2-methyl-1-(propan-2-yl)-1H-imidazo[4,5-c]pyridin-6-yl]pyrimidine-2,4-diamine"
EGFR,5can,A,4ZB,394.473,"(3R)-3-methyl-1-(4-{[2-methyl-1-(propan-2-yl)-1H-imidazo[4,5-c]pyridin-6-yl]amino}pyrimidin-2-yl)pyrrolidine-3-carboxamide"
EGFR,5c8n,A,4YX,424.542,"N-{2-[4-(2-aminoethyl)-4-methoxypiperidin-1-yl]pyrimidin-4-yl}-2-methyl-1-(propan-2-yl)-1H-imidazo[4,5-c]pyridin-6-amine"
EGFR,5cap,A,4ZH,418.513,"2-methyl-N-[2-(2-methyl-2-methylsulfonyl-propoxy)pyrimidin-4-yl]-1-propan-2-yl-imidazo[4,5-c]pyridin-6-amine"
EGFR,5cas,A,4ZQ,483.463,"(1R)-1-{6-({2-[(3R,4S)-3-fluoro-4-methoxypiperidin-1-yl]pyrimidin-4-yl}amino)-1-[(2S)-1,1,1-trifluoropropan-2-yl]-1H-imidazo[4,5-c]pyridin-2-yl}ethanol"
EGFR,5caq,A,4ZJ,399.465,"N-[2-[(3R,4S)-3-fluoranyl-4-methoxy-piperidin-1-yl]pyrimidin-4-yl]-2-methyl-1-propan-2-yl-imidazo[4,5-c]pyridin-6-amine"
EGFR,5cal,A,4Z8,382.463,"2,2-dimethyl-3-[(4-{[2-methyl-1-(propan-2-yl)-1H-imidazo[4,5-c]pyridin-6-yl]amino}pyrimidin-2-yl)amino]propanamide"
EGFR,5cau,A,4ZR,483.463,"(1R)-1-{6-({2-[(3S,4R)-3-fluoro-4-methoxypiperidin-1-yl]pyrimidin-4-yl}amino)-1-[(2S)-1,1,1-trifluoropropan-2-yl]-1H-imidazo[4,5-c]pyridin-2-yl}ethanol"
EGFR,5c8k,A,4YV,393.485,"1-cyclopentyl-N-[2-(4-methoxypiperidin-1-yl)pyrimidin-4-yl]-1H-imidazo[4,5-c]pyridin-6-amine"
EGFR,5cav,A,4ZQ,483.463,"(1R)-1-{6-({2-[(3R,4S)-3-fluoro-4-methoxypiperidin-1-yl]pyrimidin-4-yl}amino)-1-[(2S)-1,1,1-trifluoropropan-2-yl]-1H-imidazo[4,5-c]pyridin-2-yl}ethanol"
EGFR,5d10,A,563,434.494,N-[4-({4-(4-methylpiperazin-1-yl)-6-[(5-methyl-1H-pyrazol-3-yl)amino]pyrimidin-2-yl}oxy)phenyl]prop-2-enamide
EGFR,5d10,B,563,434.494,N-[4-({4-(4-methylpiperazin-1-yl)-6-[(5-methyl-1H-pyrazol-3-yl)amino]pyrimidin-2-yl}oxy)phenyl]prop-2-enamide
EGFR,5edq,A,5N3,381.819,"~{N}-(7-chloranyl-1~{H}-indazol-3-yl)-7,7-dimethyl-2-(1~{H}-pyrazol-4-yl)-5~{H}-furo[3,4-d]pyrimidin-4-amine"
EGFR,5d12,A,G97,356.381,N-[2-phenyl-4-(1H-pyrazol-3-ylamino)quinazolin-7-yl]prop-2-enamide
EGFR,5d12,B,G97,356.381,N-[2-phenyl-4-(1H-pyrazol-3-ylamino)quinazolin-7-yl]prop-2-enamide
EGFR,5edr,A,5N4,361.4,"~{N}-(1~{H}-indazol-3-yl)-7,7-dimethyl-2-(2-methylpyrazol-3-yl)-5~{H}-furo[3,4-d]pyrimidin-4-amine"
EGFR,5d41,A,57N,349.406,"(2R)-2-(1-oxo-1,3-dihydro-2H-isoindol-2-yl)-2-phenyl-N-(1,3-thiazol-2-yl)acetamide"
EGFR,5em5,A,5Q2,465.975,4-[2-(4-chlorophenyl)ethylamino]-~{N}-[4-(4-methylpiperazin-1-yl)phenyl]-2-oxidanylidene-1~{H}-pyridine-3-carboxamide
EGFR,5em7,A,5Q4,433.503,4-[(2-methoxyphenyl)amino]-~{N}-[4-(4-methylpiperazin-1-yl)phenyl]-2-oxidanylidene-1~{H}-pyridine-3-carboxamide
EGFR,5em8,A,5Q4,433.503,4-[(2-methoxyphenyl)amino]-~{N}-[4-(4-methylpiperazin-1-yl)phenyl]-2-oxidanylidene-1~{H}-pyridine-3-carboxamide
EGFR,5em6,A,5Q3,420.468,4-[(2-azanylpyrimidin-4-yl)amino]-~{N}-[4-(4-methylpiperazin-1-yl)phenyl]-2-oxidanylidene-1~{H}-pyridine-3-carboxamide
EGFR,5fed,A,5X4,472.503,~{N}-[7-methyl-1-[(3~{R})-1-propanoylazepan-3-yl]benzimidazol-2-yl]-3-(trifluoromethyl)benzamide
EGFR,5fee,A,5X4,472.503,~{N}-[7-methyl-1-[(3~{R})-1-propanoylazepan-3-yl]benzimidazol-2-yl]-3-(trifluoromethyl)benzamide
EGFR,5gty,A,816,503.983,"1-[(3R)-3-[4-azanyl-3-[3-chloranyl-4-[(6-methylpyridin-2-yl)methoxy]phenyl]pyrazolo[3,4-d]pyrimidin-1-yl]piperidin-1-yl]prop-2-en-1-one"
EGFR,5gty,B,816,503.983,"1-[(3R)-3-[4-azanyl-3-[3-chloranyl-4-[(6-methylpyridin-2-yl)methoxy]phenyl]pyrazolo[3,4-d]pyrimidin-1-yl]piperidin-1-yl]prop-2-en-1-one"
EGFR,5gty,C,816,503.983,"1-[(3R)-3-[4-azanyl-3-[3-chloranyl-4-[(6-methylpyridin-2-yl)methoxy]phenyl]pyrazolo[3,4-d]pyrimidin-1-yl]piperidin-1-yl]prop-2-en-1-one"
EGFR,5gty,D,816,503.983,"1-[(3R)-3-[4-azanyl-3-[3-chloranyl-4-[(6-methylpyridin-2-yl)methoxy]phenyl]pyrazolo[3,4-d]pyrimidin-1-yl]piperidin-1-yl]prop-2-en-1-one"
EGFR,5gty,E,816,503.983,"1-[(3R)-3-[4-azanyl-3-[3-chloranyl-4-[(6-methylpyridin-2-yl)methoxy]phenyl]pyrazolo[3,4-d]pyrimidin-1-yl]piperidin-1-yl]prop-2-en-1-one"
EGFR,5gty,F,816,503.983,"1-[(3R)-3-[4-azanyl-3-[3-chloranyl-4-[(6-methylpyridin-2-yl)methoxy]phenyl]pyrazolo[3,4-d]pyrimidin-1-yl]piperidin-1-yl]prop-2-en-1-one"
EGFR,5gty,G,816,503.983,"1-[(3R)-3-[4-azanyl-3-[3-chloranyl-4-[(6-methylpyridin-2-yl)methoxy]phenyl]pyrazolo[3,4-d]pyrimidin-1-yl]piperidin-1-yl]prop-2-en-1-one"
EGFR,5gty,H,816,503.983,"1-[(3R)-3-[4-azanyl-3-[3-chloranyl-4-[(6-methylpyridin-2-yl)methoxy]phenyl]pyrazolo[3,4-d]pyrimidin-1-yl]piperidin-1-yl]prop-2-en-1-one"
EGFR,5gnk,A,80U,492.961,"1-[(3R)-3-[4-azanyl-3-[3-chloranyl-4-[(1-methylimidazol-2-yl)methoxy]phenyl]pyrazolo[3,4-d]pyrimidin-1-yl]piperidin-1-yl]prop-2-en-1-one"
EGFR,5hcy,A,60D,550.633,"6-[[2-(1-cyclopropylsulfonylpyrazol-4-yl)pyrimidin-4-yl]amino]-~{N}-(oxan-4-yl)-1-propan-2-yl-pyrrolo[3,2-c]pyridine-3-carboxamide"
EGFR,5hcx,A,60B,438.506,"~{N}-[2-(1-cyclopropylsulfonylpyrazol-4-yl)pyrimidin-4-yl]-2-methyl-1-propan-2-yl-imidazo[4,5-c]pyridin-6-amine"
EGFR,5gmp,A,F62,525.602,"N-[3-[2-[[2-methoxy-4-(4-methylpiperazin-1-yl)phenyl]amino]-5-methyl-7-oxidanylidene-pyrido[2,3-d]pyrimidin-8-yl]phenyl]prop-2-enamide"
EGFR,5feq,A,5XH,474.598,~{N}-[1-[(3~{R})-1-[4-(dimethylamino)but-2-enoyl]azepan-3-yl]-7-methyl-benzimidazol-2-yl]-2-methyl-pyridine-4-carboxamide
EGFR,5gtz,A,81C,614.159,N-[5-[[5-chloranyl-4-[(2-propan-2-ylsulfonylphenyl)amino]pyrimidin-2-yl]amino]-2-(4-ethylpiperazin-1-yl)-4-methoxy-phenyl]prop-2-enamide
EGFR,5hg8,A,634,377.4,"N-[3-({2-[(1-methyl-1H-pyrazol-4-yl)amino]-7H-pyrrolo[2,3-d]pyrimidin-4-yl}oxy)phenyl]propanamide"
EGFR,5hg7,A,630,433.892,"1-{(3R,4R)-3-[({5-chloro-2-[(1-methyl-1H-pyrazol-4-yl)amino]-7H-pyrrolo[2,3-d]pyrimidin-4-yl}oxy)methyl]-4-methoxypyrrolidin-1-yl}propan-1-one"
EGFR,5hcz,A,60E,551.664,"2-[1-[1-[(2~{S})-butan-2-yl]-6-[[2-(1-cyclopropylsulfonylpyrazol-4-yl)pyrimidin-4-yl]amino]pyrazolo[4,3-c]pyridin-3-yl]azetidin-3-yl]propan-2-ol"
EGFR,5hg9,A,63A,437.419,"1-[(3R,4R)-3-[({2-[(1-methyl-1H-pyrazol-4-yl)amino]-7H-pyrrolo[2,3-d]pyrimidin-4-yl}oxy)methyl]-4-(trifluoromethyl)pyrr olidin-1-yl]propan-1-one"
EGFR,5hic,A,63N,424.48,"N-{2-[1-(cyclopropylsulfonyl)-1H-pyrazol-4-yl]pyrimidin-4-yl}-1-(propan-2-yl)-1H-imidazo[4,5-c]pyridin-6-amine"
EGFR,5hib,A,63M,377.421,"N-tert-butyl-5-{[(1-methyl-1H-pyrazol-5-yl)sulfonyl]amino}pyrazolo[1,5-a]pyrimidine-3-carboxamide"
EGFR,5u8l,A,O44,538.597,4-[(4-{4-[(3-cyclopropyl-1H-pyrazol-5-yl)amino]-6-[(prop-2-yn-1-yl)carbamoyl]pyrimidin-2-yl}piperazin-1-yl)methyl]benzene-1-sulfonyl fluoride
EGFR,5hg5,A,633,471.554,"N-{3-[(2-{[4-(4-methylpiperazin-1-yl)phenyl]amino}-7H-pyrrolo[2,3-d]pyrimidin-4-yl)oxy]phenyl}propanamide"
EGFR,5j9z,A,6HJ,401.464,"(R)-1-(3-(4-amino-3-(1-methyl-1H-indol-3-yl)-1H-pyrazolo[3,4-d]pyrimidin-1-yl)piperidin-1-yl)prop-2-en-1-one"
EGFR,5jeb,A,6JS,373.365,"3-(furan-2-yl)-N-[5-(furan-2-yl)-2-methoxyphenyl]-1H-pyrazolo[3,4-d]pyrimidin-4-amine"
EGFR,5ug8,A,8BP,415.468,"N-[(3R,4R)-4-fluoro-1-{6-[(1-methyl-1H-pyrazol-4-yl)amino]-9-(propan-2-yl)-9H-purin-2-yl}pyrrolidin-3-yl]propanamide"
EGFR,5j9y,A,6HL,398.46,"(R)-1-(3-(4-amino-3-(naphthalen-1-yl)-1H-pyrazolo[3,4-d]pyrimidin-1-yl)piperidin-1-yl)prop-2-en-1-one"
EGFR,5ug9,A,8AM,445.494,"N-[(3R,4R)-4-fluoro-1-{6-[(3-methoxy-1-methyl-1H-pyrazol-4-yl)amino]-9-(propan-2-yl)-9H-purin-2-yl}pyrrolidin-3-yl]propanamide"
EGFR,5uga,A,8BM,477.605,4-(4-{[2-{[(3S)-1-acetylpyrrolidin-3-yl]amino}-9-(propan-2-yl)-9H-purin-6-yl]amino}phenyl)-1-methylpiperazin-1-ium
EGFR,5ugb,A,8BM,477.605,4-(4-{[2-{[(3S)-1-acetylpyrrolidin-3-yl]amino}-9-(propan-2-yl)-9H-purin-6-yl]amino}phenyl)-1-methylpiperazin-1-ium
EGFR,5ugc,A,8BS,417.441,"N-[(3R,4R)-4-fluoro-1-{6-[(3-methoxy-1-methyl-1H-pyrazol-4-yl)amino]-9-methyl-9H-purin-2-yl}pyrrolidin-3-yl]propanamide"
EGFR,5uwd,A,8OV,557.567,N-(3-{[2-{[4-(4-acetylpiperazin-1-yl)-2-methoxyphenyl]amino}-5-(trifluoromethyl)pyrimidin-4-yl]amino}phenyl)propanamide
EGFR,5x28,A,7XU,482.623,"9-cyclohexyl-N2-[4-(4-methylpiperazin-1-yl)phenyl]-N8-phenyl-purine-2,8-diamine"
EGFR,5x27,A,7XR,468.597,"9-cyclopentyl-N2-[4-(4-methylpiperazin-1-yl)phenyl]-N8-phenyl-purine-2,8-diamine"
EGFR,5x26,A,7XO,442.559,"N2-[4-(4-methylpiperazin-1-yl)phenyl]-N8-phenyl-9-propan-2-yl-purine-2,8-diamine"
EGFR,5x2c,A,7XR,468.597,"9-cyclopentyl-N2-[4-(4-methylpiperazin-1-yl)phenyl]-N8-phenyl-purine-2,8-diamine"
EGFR,5x2c,B,7XR,468.597,"9-cyclopentyl-N2-[4-(4-methylpiperazin-1-yl)phenyl]-N8-phenyl-purine-2,8-diamine"
EGFR,5x2k,A,0UN,494.973,N-{3-[(5-chloro-2-{[2-methoxy-4-(4-methylpiperazin-1-yl)phenyl]amino}pyrimidin-4-yl)oxy]phenyl}prop-2-enamide
EGFR,5x2f,A,7XU,482.623,"9-cyclohexyl-N2-[4-(4-methylpiperazin-1-yl)phenyl]-N8-phenyl-purine-2,8-diamine"
EGFR,5x2f,B,7XU,482.623,"9-cyclohexyl-N2-[4-(4-methylpiperazin-1-yl)phenyl]-N8-phenyl-purine-2,8-diamine"
EGFR,5x2f,C,7XU,482.623,"9-cyclohexyl-N2-[4-(4-methylpiperazin-1-yl)phenyl]-N8-phenyl-purine-2,8-diamine"
EGFR,5x2f,D,7XU,482.623,"9-cyclohexyl-N2-[4-(4-methylpiperazin-1-yl)phenyl]-N8-phenyl-purine-2,8-diamine"
EGFR,5xdk,A,8JC,555.552,N-[3-[[2-[[4-(4-ethanoylpiperazin-1-yl)-2-methoxy-phenyl]amino]-5-(trifluoromethyl)pyrimidin-4-yl]amino]phenyl]prop-2-enamide
EGFR,5x2a,A,7XO,442.559,"N2-[4-(4-methylpiperazin-1-yl)phenyl]-N8-phenyl-9-propan-2-yl-purine-2,8-diamine"
EGFR,5x2a,B,7XO,442.559,"N2-[4-(4-methylpiperazin-1-yl)phenyl]-N8-phenyl-9-propan-2-yl-purine-2,8-diamine"
EGFR,5x2a,C,7XO,442.559,"N2-[4-(4-methylpiperazin-1-yl)phenyl]-N8-phenyl-9-propan-2-yl-purine-2,8-diamine"
EGFR,5xdl,A,8JC,555.552,N-[3-[[2-[[4-(4-ethanoylpiperazin-1-yl)-2-methoxy-phenyl]amino]-5-(trifluoromethyl)pyrimidin-4-yl]amino]phenyl]prop-2-enamide
EGFR,5xgm,A,85X,378.426,"12-(2-Cyanoethyl)-6,7,12,13-tetrahydro-13-methyl-5-oxo-5H-indolo[2,3-a]pyrrolo[3,4-c]carbazole"
EGFR,5y25,A,8LU,589.033,(2R)-N-[4-[(3-chloranyl-4-fluoranyl-phenyl)amino]-7-(3-morpholin-4-ylpropoxy)quinazolin-6-yl]-1-(2-fluoranylethanoyl)pyrrolidine-2-carboxamide
EGFR,5xgn,A,85X,378.426,"12-(2-Cyanoethyl)-6,7,12,13-tetrahydro-13-methyl-5-oxo-5H-indolo[2,3-a]pyrrolo[3,4-c]carbazole"
EGFR,5y9t,A,8RC,562.706,6-ethyl-3-[[4-[4-(4-methylpiperazin-1-yl)piperidin-1-yl]phenyl]amino]-5-[(3R)-1-prop-2-enoylpyrrolidin-3-yl]oxy-pyrazin e-2-carboxamide
EGFR,5zwj,A,9LL,383.396,"(2R)-2-(5-fluoro-2-hydroxyphenyl)-2-(1-oxo-1,3-dihydro-2H-isoindol-2-yl)-N-(1,3-thiazol-2-yl)acetamide"
EGFR,5yu9,A,1E8,440.497,"1-{(3R)-3-[4-amino-3-(4-phenoxyphenyl)-1H-pyrazolo[3,4-d]pyrimidin-1-yl]piperidin-1-yl}prop-2-en-1-one"
EGFR,5yu9,B,1E8,440.497,"1-{(3R)-3-[4-amino-3-(4-phenoxyphenyl)-1H-pyrazolo[3,4-d]pyrimidin-1-yl]piperidin-1-yl}prop-2-en-1-one"
EGFR,5yu9,C,1E8,440.497,"1-{(3R)-3-[4-amino-3-(4-phenoxyphenyl)-1H-pyrazolo[3,4-d]pyrimidin-1-yl]piperidin-1-yl}prop-2-en-1-one"
EGFR,5yu9,D,1E8,440.497,"1-{(3R)-3-[4-amino-3-(4-phenoxyphenyl)-1H-pyrazolo[3,4-d]pyrimidin-1-yl]piperidin-1-yl}prop-2-en-1-one"
EGFR,5zto,A,9JO,617.184,"N-{trans-4-[3-(2-chlorophenyl)-7-{[3-methyl-4-(4-methylpiperazin-1-yl)phenyl]amino}-2-oxo-3,4-dihydropyrimido[4,5-d]pyrimidin-1(2H)-yl]cyclohexyl}propanamide"
EGFR,6d8e,A,FZP,489.502,(4-fluorophenyl)methyl {2-[(1-methyl-1H-pyrazol-3-yl)amino]pyrimidin-4-yl}[3-(propanoylamino)phenyl]carbamate
EGFR,6duk,A,JBJ,543.612,"(2R)-2-(5-fluoro-2-hydroxyphenyl)-2-{1-oxo-6-[4-(piperazin-1-yl)phenyl]-1,3-dihydro-2H-isoindol-2-yl}-N-(1,3-thiazol-2-yl)acetamide"
EGFR,6duk,B,JBJ,543.612,"(2R)-2-(5-fluoro-2-hydroxyphenyl)-2-{1-oxo-6-[4-(piperazin-1-yl)phenyl]-1,3-dihydro-2H-isoindol-2-yl}-N-(1,3-thiazol-2-yl)acetamide"
EGFR,6duk,C,JBJ,543.612,"(2R)-2-(5-fluoro-2-hydroxyphenyl)-2-{1-oxo-6-[4-(piperazin-1-yl)phenyl]-1,3-dihydro-2H-isoindol-2-yl}-N-(1,3-thiazol-2-yl)acetamide"
EGFR,6duk,D,JBJ,543.612,"(2R)-2-(5-fluoro-2-hydroxyphenyl)-2-{1-oxo-6-[4-(piperazin-1-yl)phenyl]-1,3-dihydro-2H-isoindol-2-yl}-N-(1,3-thiazol-2-yl)acetamide"
EGFR,6duk,E,JBJ,543.612,"(2R)-2-(5-fluoro-2-hydroxyphenyl)-2-{1-oxo-6-[4-(piperazin-1-yl)phenyl]-1,3-dihydro-2H-isoindol-2-yl}-N-(1,3-thiazol-2-yl)acetamide"
EGFR,6duk,F,JBJ,543.612,"(2R)-2-(5-fluoro-2-hydroxyphenyl)-2-{1-oxo-6-[4-(piperazin-1-yl)phenyl]-1,3-dihydro-2H-isoindol-2-yl}-N-(1,3-thiazol-2-yl)acetamide"
EGFR,6jrk,A,C6O,632.171,"6-(2-chloranyl-3-fluoranyl-phenyl)-5-methyl-2-[[3-methyl-4-(4-methylpiperazin-1-yl)phenyl]amino]-8-[(3S)-1-propanoylpiperidin-3-yl]pyrido[2,3-d]pyrimidin-7-one"
EGFR,6jrj,A,C6O,632.171,"6-(2-chloranyl-3-fluoranyl-phenyl)-5-methyl-2-[[3-methyl-4-(4-methylpiperazin-1-yl)phenyl]amino]-8-[(3S)-1-propanoylpiperidin-3-yl]pyrido[2,3-d]pyrimidin-7-one"
EGFR,6jrx,A,9JO,617.184,"N-{trans-4-[3-(2-chlorophenyl)-7-{[3-methyl-4-(4-methylpiperazin-1-yl)phenyl]amino}-2-oxo-3,4-dihydropyrimido[4,5-d]pyrimidin-1(2H)-yl]cyclohexyl}propanamide"
EGFR,6jxt,A,YY3,499.607,N-(2-{[2-(dimethylamino)ethyl](methyl)amino}-4-methoxy-5-{[4-(1-methyl-1H-indol-3-yl)pyrimidin-2-yl]amino}phenyl)prop-2-enamide
EGFR,6jwl,A,YY3,499.607,N-(2-{[2-(dimethylamino)ethyl](methyl)amino}-4-methoxy-5-{[4-(1-methyl-1H-indol-3-yl)pyrimidin-2-yl]amino}phenyl)prop-2-enamide
EGFR,6jz0,A,CKO,533.62,"E-4-(dimethylamino)-N-[3-[4-[[(1S)-2-oxidanyl-1-phenyl-ethyl]amino]-6-phenyl-furo[2,3-d]pyrimidin-5-yl]phenyl]but-2-enamide"
EGFR,6jx0,A,YY3,499.607,N-(2-{[2-(dimethylamino)ethyl](methyl)amino}-4-methoxy-5-{[4-(1-methyl-1H-indol-3-yl)pyrimidin-2-yl]amino}phenyl)prop-2-enamide
EGFR,6jx4,A,YY3,499.607,N-(2-{[2-(dimethylamino)ethyl](methyl)amino}-4-methoxy-5-{[4-(1-methyl-1H-indol-3-yl)pyrimidin-2-yl]amino}phenyl)prop-2-enamide
EGFR,6lud,A,YY3,499.607,N-(2-{[2-(dimethylamino)ethyl](methyl)amino}-4-methoxy-5-{[4-(1-methyl-1H-indol-3-yl)pyrimidin-2-yl]amino}phenyl)prop-2-enamide
EGFR,6lub,A,EUX,669.72,"N-[2-(1-cyclopropylsulfonylpyrazol-4-yl)pyrimidin-4-yl]-7-(4-methylpiperazin-1-yl)-5-propan-2-yl-9-[2,2,2-tris(fluoranyl)ethoxy]pyrido[4,3-b]indol-3-amine"
EGFR,6s89,A,L0Q,498.619,"~{N}-[3-[6-[4-(4-methylpiperazin-1-yl)phenyl]-4-propan-2-yloxy-7~{H}-pyrrolo[2,3-d]pyrimidin-5-yl]phenyl]propanamide"
EGFR,6s9b,A,L1H,404.437,3-fluoranyl-~{N}-[1-(2-methyl-2-oxidanyl-propyl)benzimidazol-2-yl]-5-pyridin-3-yl-benzamide
EGFR,6p1d,B,NQ1,318.344,"10-benzyl-8-fluoro-5,10-dihydro-11H-dibenzo[b,e][1,4]diazepin-11-one"
EGFR,6p1d,C,NQ1,318.344,"10-benzyl-8-fluoro-5,10-dihydro-11H-dibenzo[b,e][1,4]diazepin-11-one"
EGFR,6p1d,D,NQ1,318.344,"10-benzyl-8-fluoro-5,10-dihydro-11H-dibenzo[b,e][1,4]diazepin-11-one"
EGFR,6s8a,A,L0N,512.646,"~{N}-[3-[6-[4-(4-methylpiperazin-1-yl)phenyl]-4-(2-methylpropoxy)-7~{H}-pyrrolo[2,3-d]pyrimidin-5-yl]phenyl]propanamide"
EGFR,6p1l,A,9LL,383.396,"(2R)-2-(5-fluoro-2-hydroxyphenyl)-2-(1-oxo-1,3-dihydro-2H-isoindol-2-yl)-N-(1,3-thiazol-2-yl)acetamide"
EGFR,6p1l,C,9LL,383.396,"(2R)-2-(5-fluoro-2-hydroxyphenyl)-2-(1-oxo-1,3-dihydro-2H-isoindol-2-yl)-N-(1,3-thiazol-2-yl)acetamide"
EGFR,6p1l,D,9LL,383.396,"(2R)-2-(5-fluoro-2-hydroxyphenyl)-2-(1-oxo-1,3-dihydro-2H-isoindol-2-yl)-N-(1,3-thiazol-2-yl)acetamide"
EGFR,6p8q,A,O57,318.344,"10-benzyl-2-fluoro-5,10-dihydro-11H-dibenzo[b,e][1,4]diazepin-11-one"
EGFR,6p8q,B,O57,318.344,"10-benzyl-2-fluoro-5,10-dihydro-11H-dibenzo[b,e][1,4]diazepin-11-one"
EGFR,6p8q,C,O57,318.344,"10-benzyl-2-fluoro-5,10-dihydro-11H-dibenzo[b,e][1,4]diazepin-11-one"
EGFR,6p8q,D,O57,318.344,"10-benzyl-2-fluoro-5,10-dihydro-11H-dibenzo[b,e][1,4]diazepin-11-one"
EGFR,6tfv,A,N7Q,559.015,"~{N}-[5-[4-[[3-chloranyl-4-(pyridin-2-ylmethoxy)phenyl]amino]-7~{H}-pyrrolo[2,3-d]pyrimidin-5-yl]-2-(2-hydroxyethyloxy)phenyl]propanamide"
EGFR,6tfv,B,N7Q,559.015,"~{N}-[5-[4-[[3-chloranyl-4-(pyridin-2-ylmethoxy)phenyl]amino]-7~{H}-pyrrolo[2,3-d]pyrimidin-5-yl]-2-(2-hydroxyethyloxy)phenyl]propanamide"
EGFR,6s9c,A,L1K,386.446,~{N}-[1-(2-methyl-2-oxidanyl-propyl)benzimidazol-2-yl]-2-phenyl-pyridine-4-carboxamide
EGFR,6tfu,A,N7K,487.555,"~{N}-[3-[4-[[1-(phenylmethyl)indazol-5-yl]amino]-7~{H}-pyrrolo[2,3-d]pyrimidin-5-yl]phenyl]propanamide"
EGFR,6tfu,B,N7K,487.555,"~{N}-[3-[4-[[1-(phenylmethyl)indazol-5-yl]amino]-7~{H}-pyrrolo[2,3-d]pyrimidin-5-yl]phenyl]propanamide"
EGFR,6tfw,A,N7W,586.084,"~{N}-[5-[4-[[3-chloranyl-4-(pyridin-2-ylmethoxy)phenyl]amino]-7~{H}-pyrrolo[2,3-d]pyrimidin-5-yl]-2-[2-(dimethylamino)ethoxy]phenyl]propanamide"
EGFR,6tfw,B,N7W,586.084,"~{N}-[5-[4-[[3-chloranyl-4-(pyridin-2-ylmethoxy)phenyl]amino]-7~{H}-pyrrolo[2,3-d]pyrimidin-5-yl]-2-[2-(dimethylamino)ethoxy]phenyl]propanamide"
EGFR,6tfy,A,N7Z,573.042,"~{N}-[5-[4-[[3-chloranyl-4-(pyridin-2-ylmethoxy)phenyl]amino]-7~{H}-pyrrolo[2,3-d]pyrimidin-5-yl]-2-(3-oxidanylpropoxy)phenyl]propanamide"
EGFR,6tfy,B,N7Z,573.042,"~{N}-[5-[4-[[3-chloranyl-4-(pyridin-2-ylmethoxy)phenyl]amino]-7~{H}-pyrrolo[2,3-d]pyrimidin-5-yl]-2-(3-oxidanylpropoxy)phenyl]propanamide"
EGFR,6tfz,A,N7B,547.607,"~{N}-[2-(2-hydroxyethyloxy)-5-[4-[[1-(phenylmethyl)indazol-5-yl]amino]-7~{H}-pyrrolo[2,3-d]pyrimidin-5-yl]phenyl]propanamide"
EGFR,6tfz,B,N7B,547.607,"~{N}-[2-(2-hydroxyethyloxy)-5-[4-[[1-(phenylmethyl)indazol-5-yl]amino]-7~{H}-pyrrolo[2,3-d]pyrimidin-5-yl]phenyl]propanamide"
EGFR,6v5n,A,QP7,412.459,"3-[4-(4-fluorophenyl)-5-(2-phenyl-1H-pyrrolo[2,3-b]pyridin-4-yl)-1H-imidazol-2-yl]propan-1-ol"
EGFR,6v5n,B,QP7,412.459,"3-[4-(4-fluorophenyl)-5-(2-phenyl-1H-pyrrolo[2,3-b]pyridin-4-yl)-1H-imidazol-2-yl]propan-1-ol"
EGFR,6v5n,C,QP7,412.459,"3-[4-(4-fluorophenyl)-5-(2-phenyl-1H-pyrrolo[2,3-b]pyridin-4-yl)-1H-imidazol-2-yl]propan-1-ol"
EGFR,6v5n,D,QP7,412.459,"3-[4-(4-fluorophenyl)-5-(2-phenyl-1H-pyrrolo[2,3-b]pyridin-4-yl)-1H-imidazol-2-yl]propan-1-ol"
EGFR,6s9d,A,L3Z,398.457,"8-oxa-14,21,23,28-tetraazapentacyclo[23.3.1.02,7.014,22.015,20]nonacosa-1(28),2(7),3,5,15,17,19,21,25(29),26-decaen-24-one"
EGFR,6tg1,A,N82,603.67,"~{N}-[5-[4-[[4-[[1,3-bis(oxidanylidene)isoindol-2-yl]methyl]phenyl]amino]-7~{H}-pyrrolo[2,3-d]pyrimidin-5-yl]-2-[2-(dimethylamino)ethoxy]phenyl]propanamide"
EGFR,6tg1,B,N82,603.67,"~{N}-[5-[4-[[4-[[1,3-bis(oxidanylidene)isoindol-2-yl]methyl]phenyl]amino]-7~{H}-pyrrolo[2,3-d]pyrimidin-5-yl]-2-[2-(dimethylamino)ethoxy]phenyl]propanamide"
EGFR,6v66,A,QP1,521.606,N-{3-[(4-{4-(4-fluorophenyl)-2-[(2-methoxyethyl)sulfanyl]-1H-imidazol-5-yl}pyridin-2-yl)amino]-4-methoxyphenyl}propanamide
EGFR,6v66,B,QP1,521.606,N-{3-[(4-{4-(4-fluorophenyl)-2-[(2-methoxyethyl)sulfanyl]-1H-imidazol-5-yl}pyridin-2-yl)amino]-4-methoxyphenyl}propanamide
EGFR,6v66,C,QP1,521.606,N-{3-[(4-{4-(4-fluorophenyl)-2-[(2-methoxyethyl)sulfanyl]-1H-imidazol-5-yl}pyridin-2-yl)amino]-4-methoxyphenyl}propanamide
EGFR,6v66,D,QP1,521.606,N-{3-[(4-{4-(4-fluorophenyl)-2-[(2-methoxyethyl)sulfanyl]-1H-imidazol-5-yl}pyridin-2-yl)amino]-4-methoxyphenyl}propanamide
EGFR,6tg0,A,N78,576.602,"~{N}-[5-[4-[[4-[[1,3-bis(oxidanylidene)isoindol-2-yl]methyl]phenyl]amino]-7~{H}-pyrrolo[2,3-d]pyrimidin-5-yl]-2-(2-hydroxyethyloxy)phenyl]propanamide"
EGFR,6tg0,B,N78,576.602,"~{N}-[5-[4-[[4-[[1,3-bis(oxidanylidene)isoindol-2-yl]methyl]phenyl]amino]-7~{H}-pyrrolo[2,3-d]pyrimidin-5-yl]-2-(2-hydroxyethyloxy)phenyl]propanamide"
EGFR,6v6k,A,QQJ,477.554,N-[3-({4-[4-(4-fluorophenyl)-2-(methylsulfanyl)-1H-imidazol-5-yl]pyridin-2-yl}amino)-4-methoxyphenyl]propanamide
EGFR,6v6k,B,QQJ,477.554,N-[3-({4-[4-(4-fluorophenyl)-2-(methylsulfanyl)-1H-imidazol-5-yl]pyridin-2-yl}amino)-4-methoxyphenyl]propanamide
EGFR,6v6k,C,QQJ,477.554,N-[3-({4-[4-(4-fluorophenyl)-2-(methylsulfanyl)-1H-imidazol-5-yl]pyridin-2-yl}amino)-4-methoxyphenyl]propanamide
EGFR,6v6k,D,QQJ,477.554,N-[3-({4-[4-(4-fluorophenyl)-2-(methylsulfanyl)-1H-imidazol-5-yl]pyridin-2-yl}amino)-4-methoxyphenyl]propanamide
EGFR,6v6k,E,QQJ,477.554,N-[3-({4-[4-(4-fluorophenyl)-2-(methylsulfanyl)-1H-imidazol-5-yl]pyridin-2-yl}amino)-4-methoxyphenyl]propanamide
EGFR,6v6k,F,QQJ,477.554,N-[3-({4-[4-(4-fluorophenyl)-2-(methylsulfanyl)-1H-imidazol-5-yl]pyridin-2-yl}amino)-4-methoxyphenyl]propanamide
EGFR,6v6k,G,QQJ,477.554,N-[3-({4-[4-(4-fluorophenyl)-2-(methylsulfanyl)-1H-imidazol-5-yl]pyridin-2-yl}amino)-4-methoxyphenyl]propanamide
EGFR,6v6k,H,QQJ,477.554,N-[3-({4-[4-(4-fluorophenyl)-2-(methylsulfanyl)-1H-imidazol-5-yl]pyridin-2-yl}amino)-4-methoxyphenyl]propanamide
EGFR,6v5p,A,QP4,426.485,"4-[4-(4-fluorophenyl)-2-(3-methoxypropyl)-1H-imidazol-5-yl]-2-phenyl-3H-pyrrolo[2,3-b]pyridine"
EGFR,6v5p,B,QP4,426.485,"4-[4-(4-fluorophenyl)-2-(3-methoxypropyl)-1H-imidazol-5-yl]-2-phenyl-3H-pyrrolo[2,3-b]pyridine"
EGFR,6v5p,C,QP4,426.485,"4-[4-(4-fluorophenyl)-2-(3-methoxypropyl)-1H-imidazol-5-yl]-2-phenyl-3H-pyrrolo[2,3-b]pyridine"
EGFR,6v5p,D,QP4,426.485,"4-[4-(4-fluorophenyl)-2-(3-methoxypropyl)-1H-imidazol-5-yl]-2-phenyl-3H-pyrrolo[2,3-b]pyridine"
EGFR,6vh4,A,QQM,489.541,N-[3-({4-[4-(4-fluorophenyl)-2-(3-hydroxypropyl)-1H-imidazol-5-yl]pyridin-2-yl}amino)-4-methoxyphenyl]propanamide
EGFR,6v6o,A,QQM,489.541,N-[3-({4-[4-(4-fluorophenyl)-2-(3-hydroxypropyl)-1H-imidazol-5-yl]pyridin-2-yl}amino)-4-methoxyphenyl]propanamide
EGFR,6v6o,B,QQM,489.541,N-[3-({4-[4-(4-fluorophenyl)-2-(3-hydroxypropyl)-1H-imidazol-5-yl]pyridin-2-yl}amino)-4-methoxyphenyl]propanamide
EGFR,6v6o,C,QQM,489.541,N-[3-({4-[4-(4-fluorophenyl)-2-(3-hydroxypropyl)-1H-imidazol-5-yl]pyridin-2-yl}amino)-4-methoxyphenyl]propanamide
EGFR,6v6o,D,QQM,489.541,N-[3-({4-[4-(4-fluorophenyl)-2-(3-hydroxypropyl)-1H-imidazol-5-yl]pyridin-2-yl}amino)-4-methoxyphenyl]propanamide
EGFR,6v6o,E,QQM,489.541,N-[3-({4-[4-(4-fluorophenyl)-2-(3-hydroxypropyl)-1H-imidazol-5-yl]pyridin-2-yl}amino)-4-methoxyphenyl]propanamide
EGFR,6v6o,F,QQM,489.541,N-[3-({4-[4-(4-fluorophenyl)-2-(3-hydroxypropyl)-1H-imidazol-5-yl]pyridin-2-yl}amino)-4-methoxyphenyl]propanamide
EGFR,6v6o,G,QQM,489.541,N-[3-({4-[4-(4-fluorophenyl)-2-(3-hydroxypropyl)-1H-imidazol-5-yl]pyridin-2-yl}amino)-4-methoxyphenyl]propanamide
EGFR,6v6o,H,QQM,489.541,N-[3-({4-[4-(4-fluorophenyl)-2-(3-hydroxypropyl)-1H-imidazol-5-yl]pyridin-2-yl}amino)-4-methoxyphenyl]propanamide
EGFR,6vhn,A,QQJ,477.554,N-[3-({4-[4-(4-fluorophenyl)-2-(methylsulfanyl)-1H-imidazol-5-yl]pyridin-2-yl}amino)-4-methoxyphenyl]propanamide
EGFR,6vhp,A,QP1,521.606,N-{3-[(4-{4-(4-fluorophenyl)-2-[(2-methoxyethyl)sulfanyl]-1H-imidazol-5-yl}pyridin-2-yl)amino]-4-methoxyphenyl}propanamide
EGFR,6wa2,A,TOV,477.511,N-(3-{5-[2-(acetylamino)pyridin-4-yl]-2-(methylsulfanyl)-1H-imidazol-4-yl}phenyl)-2-fluoro-5-hydroxybenzamide
EGFR,6wa2,B,TOV,477.511,N-(3-{5-[2-(acetylamino)pyridin-4-yl]-2-(methylsulfanyl)-1H-imidazol-4-yl}phenyl)-2-fluoro-5-hydroxybenzamide
EGFR,6wa2,C,TOV,477.511,N-(3-{5-[2-(acetylamino)pyridin-4-yl]-2-(methylsulfanyl)-1H-imidazol-4-yl}phenyl)-2-fluoro-5-hydroxybenzamide
EGFR,6wa2,D,TOV,477.511,N-(3-{5-[2-(acetylamino)pyridin-4-yl]-2-(methylsulfanyl)-1H-imidazol-4-yl}phenyl)-2-fluoro-5-hydroxybenzamide
EGFR,6z4b,A,Q6K,501.623,~{N}-[2-[2-(dimethylamino)ethyl-methyl-amino]-4-methoxy-5-[[4-(1-methylindol-3-yl)pyrimidin-2-yl]amino]phenyl]propanamide
EGFR,6z4b,B,Q6K,501.623,~{N}-[2-[2-(dimethylamino)ethyl-methyl-amino]-4-methoxy-5-[[4-(1-methylindol-3-yl)pyrimidin-2-yl]amino]phenyl]propanamide
EGFR,6z4b,A,9LL,383.396,"(2R)-2-(5-fluoro-2-hydroxyphenyl)-2-(1-oxo-1,3-dihydro-2H-isoindol-2-yl)-N-(1,3-thiazol-2-yl)acetamide"
EGFR,6z4b,B,9LL,383.396,"(2R)-2-(5-fluoro-2-hydroxyphenyl)-2-(1-oxo-1,3-dihydro-2H-isoindol-2-yl)-N-(1,3-thiazol-2-yl)acetamide"
EGFR,6wak,C,TQA,588.679,"N-(3-{5-[2-(acetylamino)pyridin-4-yl]-2-(methylsulfanyl)-1H-imidazol-4-yl}phenyl)-2-[(1-oxo-1,3-dihydro-2H-isoindol-2-yl)methyl]benzamide"
EGFR,6xl4,A,Q6K,501.623,~{N}-[2-[2-(dimethylamino)ethyl-methyl-amino]-4-methoxy-5-[[4-(1-methylindol-3-yl)pyrimidin-2-yl]amino]phenyl]propanamide
EGFR,6xl4,B,Q6K,501.623,~{N}-[2-[2-(dimethylamino)ethyl-methyl-amino]-4-methoxy-5-[[4-(1-methylindol-3-yl)pyrimidin-2-yl]amino]phenyl]propanamide
EGFR,6xl4,A,NQ1,318.344,"10-benzyl-8-fluoro-5,10-dihydro-11H-dibenzo[b,e][1,4]diazepin-11-one"
EGFR,6xl4,B,NQ1,318.344,"10-benzyl-8-fluoro-5,10-dihydro-11H-dibenzo[b,e][1,4]diazepin-11-one"
EGFR,6xl4,D,NQ1,318.344,"10-benzyl-8-fluoro-5,10-dihydro-11H-dibenzo[b,e][1,4]diazepin-11-one"
EGFR,7a2a,A,57N,349.406,"(2R)-2-(1-oxo-1,3-dihydro-2H-isoindol-2-yl)-2-phenyl-N-(1,3-thiazol-2-yl)acetamide"
EGFR,7a2a,B,57N,349.406,"(2R)-2-(1-oxo-1,3-dihydro-2H-isoindol-2-yl)-2-phenyl-N-(1,3-thiazol-2-yl)acetamide"
EGFR,7a2a,A,7G9,425.456,~{N}-[3-[[5-fluoranyl-2-[[4-(2-methoxyethoxy)phenyl]amino]pyrimidin-4-yl]amino]phenyl]propanamide
EGFR,7a2a,B,7G9,425.456,~{N}-[3-[[5-fluoranyl-2-[[4-(2-methoxyethoxy)phenyl]amino]pyrimidin-4-yl]amino]phenyl]propanamide
EGFR,7b85,A,R28,587.712,propan-2-yl 2-[[4-[2-(dimethylamino)ethyl-methyl-amino]-2-methoxy-5-(propanoylamino)phenyl]amino]-4-(1-methylindol-3-yl)pyrimidine-5-carboxylate
EGFR,7er2,A,JAU,588.512,"5-chloranyl-N2-[3-chloranyl-4-[4-(4-methylpiperazin-1-yl)piperidin-1-yl]phenyl]-N4-(2-dimethylphosphorylphenyl)pyrimidine-2,4-diamine"
EGFR,7aem,A,6GY,584.092,"5-chloro-N~4~-[2-(dimethylphosphoryl)phenyl]-N~2~-{2-methoxy-4-[4-(4-methylpiperazin-1-yl)piperidin-1-yl]phenyl}pyrimidine-2,4-diamine"
EGFR,6z4d,A,8BS,417.441,"N-[(3R,4R)-4-fluoro-1-{6-[(3-methoxy-1-methyl-1H-pyrazol-4-yl)amino]-9-methyl-9H-purin-2-yl}pyrrolidin-3-yl]propanamide"
EGFR,6z4d,B,8BS,417.441,"N-[(3R,4R)-4-fluoro-1-{6-[(3-methoxy-1-methyl-1H-pyrazol-4-yl)amino]-9-methyl-9H-purin-2-yl}pyrrolidin-3-yl]propanamide"
EGFR,6z4d,B,57N,349.406,"(2R)-2-(1-oxo-1,3-dihydro-2H-isoindol-2-yl)-2-phenyl-N-(1,3-thiazol-2-yl)acetamide"
EGFR,7jxi,A,8BS,417.441,"N-[(3R,4R)-4-fluoro-1-{6-[(3-methoxy-1-methyl-1H-pyrazol-4-yl)amino]-9-methyl-9H-purin-2-yl}pyrrolidin-3-yl]propanamide"
EGFR,7jxi,B,8BS,417.441,"N-[(3R,4R)-4-fluoro-1-{6-[(3-methoxy-1-methyl-1H-pyrazol-4-yl)amino]-9-methyl-9H-purin-2-yl}pyrrolidin-3-yl]propanamide"
EGFR,7jxi,C,8BS,417.441,"N-[(3R,4R)-4-fluoro-1-{6-[(3-methoxy-1-methyl-1H-pyrazol-4-yl)amino]-9-methyl-9H-purin-2-yl}pyrrolidin-3-yl]propanamide"
EGFR,7jxi,D,8BS,417.441,"N-[(3R,4R)-4-fluoro-1-{6-[(3-methoxy-1-methyl-1H-pyrazol-4-yl)amino]-9-methyl-9H-purin-2-yl}pyrrolidin-3-yl]propanamide"
EGFR,7aei,A,R85,609.102,"5-chloranyl-~{N}2-[4-[4-(dimethylamino)piperidin-1-yl]-2-methoxy-5-(1-methylpyrazol-4-yl)phenyl]-~{N}4-(2-dimethylphosphorylphenyl)pyrimidine-2,4-diamine"
EGFR,7a6i,A,R1W,488.024,"~{N}-[5-[4-chloranyl-2-[4-(4-methylpiperazin-1-yl)phenyl]-1~{H}-pyrrolo[2,3-b]pyridin-3-yl]-2-methyl-phenyl]propanamide"
EGFR,7jxm,B,9LL,383.396,"(2R)-2-(5-fluoro-2-hydroxyphenyl)-2-(1-oxo-1,3-dihydro-2H-isoindol-2-yl)-N-(1,3-thiazol-2-yl)acetamide"
EGFR,7jxm,D,9LL,383.396,"(2R)-2-(5-fluoro-2-hydroxyphenyl)-2-(1-oxo-1,3-dihydro-2H-isoindol-2-yl)-N-(1,3-thiazol-2-yl)acetamide"
EGFR,7jxm,B,YY3,499.607,N-(2-{[2-(dimethylamino)ethyl](methyl)amino}-4-methoxy-5-{[4-(1-methyl-1H-indol-3-yl)pyrimidin-2-yl]amino}phenyl)prop-2-enamide
EGFR,7k1i,A,VNS,556.65,"(2R)-2-(5-fluoro-2-hydroxyphenyl)-2-{6-[4-(1-methylpiperidin-4-yl)phenyl]-1-oxo-1,3-dihydro-2H-isoindol-2-yl}-N-(1,3-thiazol-2-yl)acetamide"
EGFR,7kxz,A,XA4,542.675,"(20R)-10,15,20-trimethyl-2-[(4-methylpiperazin-1-yl)methyl]-18,19,20,21-tetrahydro-15H,17H-12,8-(metheno)pyrazolo[3',4':2,3][1,5,10,12]oxatriazacycloheptadecino[12,11-a]benzimidazol-7(6H)-one"
EGFR,7jxl,A,VO7,485.581,N-(2-{[2-(dimethylamino)ethyl](methyl)amino}-5-{[4-(1H-indol-3-yl)pyrimidin-2-yl]amino}-4-methoxyphenyl)propanamide
EGFR,7jxl,B,VO7,485.581,N-(2-{[2-(dimethylamino)ethyl](methyl)amino}-5-{[4-(1H-indol-3-yl)pyrimidin-2-yl]amino}-4-methoxyphenyl)propanamide
EGFR,7jxl,C,VO7,485.581,N-(2-{[2-(dimethylamino)ethyl](methyl)amino}-5-{[4-(1H-indol-3-yl)pyrimidin-2-yl]amino}-4-methoxyphenyl)propanamide
EGFR,7jxl,D,VO7,485.581,N-(2-{[2-(dimethylamino)ethyl](methyl)amino}-5-{[4-(1H-indol-3-yl)pyrimidin-2-yl]amino}-4-methoxyphenyl)propanamide
EGFR,7jxw,A,YY3,499.607,N-(2-{[2-(dimethylamino)ethyl](methyl)amino}-4-methoxy-5-{[4-(1-methyl-1H-indol-3-yl)pyrimidin-2-yl]amino}phenyl)prop-2-enamide
EGFR,7jxw,B,YY3,499.607,N-(2-{[2-(dimethylamino)ethyl](methyl)amino}-4-methoxy-5-{[4-(1-methyl-1H-indol-3-yl)pyrimidin-2-yl]amino}phenyl)prop-2-enamide
EGFR,7jxw,C,YY3,499.607,N-(2-{[2-(dimethylamino)ethyl](methyl)amino}-4-methoxy-5-{[4-(1-methyl-1H-indol-3-yl)pyrimidin-2-yl]amino}phenyl)prop-2-enamide
EGFR,7jxw,D,YY3,499.607,N-(2-{[2-(dimethylamino)ethyl](methyl)amino}-4-methoxy-5-{[4-(1-methyl-1H-indol-3-yl)pyrimidin-2-yl]amino}phenyl)prop-2-enamide
EGFR,7jxw,A,VNS,556.65,"(2R)-2-(5-fluoro-2-hydroxyphenyl)-2-{6-[4-(1-methylpiperidin-4-yl)phenyl]-1-oxo-1,3-dihydro-2H-isoindol-2-yl}-N-(1,3-thiazol-2-yl)acetamide"
EGFR,7jxw,B,VNS,556.65,"(2R)-2-(5-fluoro-2-hydroxyphenyl)-2-{6-[4-(1-methylpiperidin-4-yl)phenyl]-1-oxo-1,3-dihydro-2H-isoindol-2-yl}-N-(1,3-thiazol-2-yl)acetamide"
EGFR,7jxw,C,VNS,556.65,"(2R)-2-(5-fluoro-2-hydroxyphenyl)-2-{6-[4-(1-methylpiperidin-4-yl)phenyl]-1-oxo-1,3-dihydro-2H-isoindol-2-yl}-N-(1,3-thiazol-2-yl)acetamide"
EGFR,7jxw,D,VNS,556.65,"(2R)-2-(5-fluoro-2-hydroxyphenyl)-2-{6-[4-(1-methylpiperidin-4-yl)phenyl]-1-oxo-1,3-dihydro-2H-isoindol-2-yl}-N-(1,3-thiazol-2-yl)acetamide"
EGFR,7jxp,A,JBJ,543.612,"(2R)-2-(5-fluoro-2-hydroxyphenyl)-2-{1-oxo-6-[4-(piperazin-1-yl)phenyl]-1,3-dihydro-2H-isoindol-2-yl}-N-(1,3-thiazol-2-yl)acetamide"
EGFR,7jxp,B,JBJ,543.612,"(2R)-2-(5-fluoro-2-hydroxyphenyl)-2-{1-oxo-6-[4-(piperazin-1-yl)phenyl]-1,3-dihydro-2H-isoindol-2-yl}-N-(1,3-thiazol-2-yl)acetamide"
EGFR,7jxp,C,JBJ,543.612,"(2R)-2-(5-fluoro-2-hydroxyphenyl)-2-{1-oxo-6-[4-(piperazin-1-yl)phenyl]-1,3-dihydro-2H-isoindol-2-yl}-N-(1,3-thiazol-2-yl)acetamide"
EGFR,7jxp,D,JBJ,543.612,"(2R)-2-(5-fluoro-2-hydroxyphenyl)-2-{1-oxo-6-[4-(piperazin-1-yl)phenyl]-1,3-dihydro-2H-isoindol-2-yl}-N-(1,3-thiazol-2-yl)acetamide"
EGFR,7jxp,E,JBJ,543.612,"(2R)-2-(5-fluoro-2-hydroxyphenyl)-2-{1-oxo-6-[4-(piperazin-1-yl)phenyl]-1,3-dihydro-2H-isoindol-2-yl}-N-(1,3-thiazol-2-yl)acetamide"
EGFR,7jxp,F,JBJ,543.612,"(2R)-2-(5-fluoro-2-hydroxyphenyl)-2-{1-oxo-6-[4-(piperazin-1-yl)phenyl]-1,3-dihydro-2H-isoindol-2-yl}-N-(1,3-thiazol-2-yl)acetamide"
EGFR,7jxp,C,YY3,499.607,N-(2-{[2-(dimethylamino)ethyl](methyl)amino}-4-methoxy-5-{[4-(1-methyl-1H-indol-3-yl)pyrimidin-2-yl]amino}phenyl)prop-2-enamide
EGFR,7jxp,E,YY3,499.607,N-(2-{[2-(dimethylamino)ethyl](methyl)amino}-4-methoxy-5-{[4-(1-methyl-1H-indol-3-yl)pyrimidin-2-yl]amino}phenyl)prop-2-enamide
EGFR,7jxk,A,JBJ,543.612,"(2R)-2-(5-fluoro-2-hydroxyphenyl)-2-{1-oxo-6-[4-(piperazin-1-yl)phenyl]-1,3-dihydro-2H-isoindol-2-yl}-N-(1,3-thiazol-2-yl)acetamide"
EGFR,7jxk,C,JBJ,543.612,"(2R)-2-(5-fluoro-2-hydroxyphenyl)-2-{1-oxo-6-[4-(piperazin-1-yl)phenyl]-1,3-dihydro-2H-isoindol-2-yl}-N-(1,3-thiazol-2-yl)acetamide"
EGFR,7jxk,D,JBJ,543.612,"(2R)-2-(5-fluoro-2-hydroxyphenyl)-2-{1-oxo-6-[4-(piperazin-1-yl)phenyl]-1,3-dihydro-2H-isoindol-2-yl}-N-(1,3-thiazol-2-yl)acetamide"
EGFR,7jxk,E,JBJ,543.612,"(2R)-2-(5-fluoro-2-hydroxyphenyl)-2-{1-oxo-6-[4-(piperazin-1-yl)phenyl]-1,3-dihydro-2H-isoindol-2-yl}-N-(1,3-thiazol-2-yl)acetamide"
EGFR,7jxk,F,JBJ,543.612,"(2R)-2-(5-fluoro-2-hydroxyphenyl)-2-{1-oxo-6-[4-(piperazin-1-yl)phenyl]-1,3-dihydro-2H-isoindol-2-yl}-N-(1,3-thiazol-2-yl)acetamide"
EGFR,7jxk,A,8BS,417.441,"N-[(3R,4R)-4-fluoro-1-{6-[(3-methoxy-1-methyl-1H-pyrazol-4-yl)amino]-9-methyl-9H-purin-2-yl}pyrrolidin-3-yl]propanamide"
EGFR,7jxk,C,8BS,417.441,"N-[(3R,4R)-4-fluoro-1-{6-[(3-methoxy-1-methyl-1H-pyrazol-4-yl)amino]-9-methyl-9H-purin-2-yl}pyrrolidin-3-yl]propanamide"
EGFR,7jxk,E,8BS,417.441,"N-[(3R,4R)-4-fluoro-1-{6-[(3-methoxy-1-methyl-1H-pyrazol-4-yl)amino]-9-methyl-9H-purin-2-yl}pyrrolidin-3-yl]propanamide"
EGFR,7jxk,F,8BS,417.441,"N-[(3R,4R)-4-fluoro-1-{6-[(3-methoxy-1-methyl-1H-pyrazol-4-yl)amino]-9-methyl-9H-purin-2-yl}pyrrolidin-3-yl]propanamide"
EGFR,7lgs,A,Q6K,501.623,~{N}-[2-[2-(dimethylamino)ethyl-methyl-amino]-4-methoxy-5-[[4-(1-methylindol-3-yl)pyrimidin-2-yl]amino]phenyl]propanamide
EGFR,7lgs,B,Q6K,501.623,~{N}-[2-[2-(dimethylamino)ethyl-methyl-amino]-4-methoxy-5-[[4-(1-methylindol-3-yl)pyrimidin-2-yl]amino]phenyl]propanamide
EGFR,7lgs,C,Q6K,501.623,~{N}-[2-[2-(dimethylamino)ethyl-methyl-amino]-4-methoxy-5-[[4-(1-methylindol-3-yl)pyrimidin-2-yl]amino]phenyl]propanamide
EGFR,7lgs,D,Q6K,501.623,~{N}-[2-[2-(dimethylamino)ethyl-methyl-amino]-4-methoxy-5-[[4-(1-methylindol-3-yl)pyrimidin-2-yl]amino]phenyl]propanamide
EGFR,7k1h,A,VNS,556.65,"(2R)-2-(5-fluoro-2-hydroxyphenyl)-2-{6-[4-(1-methylpiperidin-4-yl)phenyl]-1-oxo-1,3-dihydro-2H-isoindol-2-yl}-N-(1,3-thiazol-2-yl)acetamide"
EGFR,7k1h,B,VNS,556.65,"(2R)-2-(5-fluoro-2-hydroxyphenyl)-2-{6-[4-(1-methylpiperidin-4-yl)phenyl]-1-oxo-1,3-dihydro-2H-isoindol-2-yl}-N-(1,3-thiazol-2-yl)acetamide"
EGFR,7k1h,C,VNS,556.65,"(2R)-2-(5-fluoro-2-hydroxyphenyl)-2-{6-[4-(1-methylpiperidin-4-yl)phenyl]-1-oxo-1,3-dihydro-2H-isoindol-2-yl}-N-(1,3-thiazol-2-yl)acetamide"
EGFR,7k1h,D,VNS,556.65,"(2R)-2-(5-fluoro-2-hydroxyphenyl)-2-{6-[4-(1-methylpiperidin-4-yl)phenyl]-1-oxo-1,3-dihydro-2H-isoindol-2-yl}-N-(1,3-thiazol-2-yl)acetamide"
EGFR,7k1h,E,VNS,556.65,"(2R)-2-(5-fluoro-2-hydroxyphenyl)-2-{6-[4-(1-methylpiperidin-4-yl)phenyl]-1-oxo-1,3-dihydro-2H-isoindol-2-yl}-N-(1,3-thiazol-2-yl)acetamide"
EGFR,7k1h,F,VNS,556.65,"(2R)-2-(5-fluoro-2-hydroxyphenyl)-2-{6-[4-(1-methylpiperidin-4-yl)phenyl]-1-oxo-1,3-dihydro-2H-isoindol-2-yl}-N-(1,3-thiazol-2-yl)acetamide"
EGFR,7k1h,A,YY3,499.607,N-(2-{[2-(dimethylamino)ethyl](methyl)amino}-4-methoxy-5-{[4-(1-methyl-1H-indol-3-yl)pyrimidin-2-yl]amino}phenyl)prop-2-enamide
EGFR,7k1h,B,YY3,499.607,N-(2-{[2-(dimethylamino)ethyl](methyl)amino}-4-methoxy-5-{[4-(1-methyl-1H-indol-3-yl)pyrimidin-2-yl]amino}phenyl)prop-2-enamide
EGFR,7k1h,C,YY3,499.607,N-(2-{[2-(dimethylamino)ethyl](methyl)amino}-4-methoxy-5-{[4-(1-methyl-1H-indol-3-yl)pyrimidin-2-yl]amino}phenyl)prop-2-enamide
EGFR,7k1h,D,YY3,499.607,N-(2-{[2-(dimethylamino)ethyl](methyl)amino}-4-methoxy-5-{[4-(1-methyl-1H-indol-3-yl)pyrimidin-2-yl]amino}phenyl)prop-2-enamide
EGFR,7k1h,E,YY3,499.607,N-(2-{[2-(dimethylamino)ethyl](methyl)amino}-4-methoxy-5-{[4-(1-methyl-1H-indol-3-yl)pyrimidin-2-yl]amino}phenyl)prop-2-enamide
EGFR,7k1h,F,YY3,499.607,N-(2-{[2-(dimethylamino)ethyl](methyl)amino}-4-methoxy-5-{[4-(1-methyl-1H-indol-3-yl)pyrimidin-2-yl]amino}phenyl)prop-2-enamide
EGFR,7oxb,A,35Z,443.498,"2-[2-(3-methoxyphenyl)pyrimidin-4-yl]-1'-prop-2-enoyl-spiro[5,6-dihydro-1~{H}-pyrrolo[3,2-c]pyridine-7,4'-piperidine]-4-one"
EGFR,7lg8,A,VNS,556.65,"(2R)-2-(5-fluoro-2-hydroxyphenyl)-2-{6-[4-(1-methylpiperidin-4-yl)phenyl]-1-oxo-1,3-dihydro-2H-isoindol-2-yl}-N-(1,3-thiazol-2-yl)acetamide"
EGFR,7lg8,B,VNS,556.65,"(2R)-2-(5-fluoro-2-hydroxyphenyl)-2-{6-[4-(1-methylpiperidin-4-yl)phenyl]-1-oxo-1,3-dihydro-2H-isoindol-2-yl}-N-(1,3-thiazol-2-yl)acetamide"
EGFR,7lg8,C,VNS,556.65,"(2R)-2-(5-fluoro-2-hydroxyphenyl)-2-{6-[4-(1-methylpiperidin-4-yl)phenyl]-1-oxo-1,3-dihydro-2H-isoindol-2-yl}-N-(1,3-thiazol-2-yl)acetamide"
EGFR,7lg8,D,VNS,556.65,"(2R)-2-(5-fluoro-2-hydroxyphenyl)-2-{6-[4-(1-methylpiperidin-4-yl)phenyl]-1-oxo-1,3-dihydro-2H-isoindol-2-yl}-N-(1,3-thiazol-2-yl)acetamide"
EGFR,7lg8,A,8RC,562.706,6-ethyl-3-[[4-[4-(4-methylpiperazin-1-yl)piperidin-1-yl]phenyl]amino]-5-[(3R)-1-prop-2-enoylpyrrolidin-3-yl]oxy-pyrazin e-2-carboxamide
EGFR,7lg8,B,8RC,562.706,6-ethyl-3-[[4-[4-(4-methylpiperazin-1-yl)piperidin-1-yl]phenyl]amino]-5-[(3R)-1-prop-2-enoylpyrrolidin-3-yl]oxy-pyrazin e-2-carboxamide
EGFR,7lg8,C,8RC,562.706,6-ethyl-3-[[4-[4-(4-methylpiperazin-1-yl)piperidin-1-yl]phenyl]amino]-5-[(3R)-1-prop-2-enoylpyrrolidin-3-yl]oxy-pyrazin e-2-carboxamide
EGFR,7lg8,D,8RC,562.706,6-ethyl-3-[[4-[4-(4-methylpiperazin-1-yl)piperidin-1-yl]phenyl]amino]-5-[(3R)-1-prop-2-enoylpyrrolidin-3-yl]oxy-pyrazin e-2-carboxamide
EGFR,7pcd,A,70I,652.51,"1-[4-[4-[[3,5-bis(chloranyl)-4-([1,2,4]triazolo[1,5-a]pyridin-7-yloxy)phenyl]amino]pyrimido[5,4-d]pyrimidin-6-yl]piperazin-1-yl]-4-(3-fluoranylazetidin-1-yl)butan-1-one"
EGFR,7jxq,A,VNS,556.65,"(2R)-2-(5-fluoro-2-hydroxyphenyl)-2-{6-[4-(1-methylpiperidin-4-yl)phenyl]-1-oxo-1,3-dihydro-2H-isoindol-2-yl}-N-(1,3-thiazol-2-yl)acetamide"
EGFR,7jxq,B,VNS,556.65,"(2R)-2-(5-fluoro-2-hydroxyphenyl)-2-{6-[4-(1-methylpiperidin-4-yl)phenyl]-1-oxo-1,3-dihydro-2H-isoindol-2-yl}-N-(1,3-thiazol-2-yl)acetamide"
EGFR,7jxq,C,VNS,556.65,"(2R)-2-(5-fluoro-2-hydroxyphenyl)-2-{6-[4-(1-methylpiperidin-4-yl)phenyl]-1-oxo-1,3-dihydro-2H-isoindol-2-yl}-N-(1,3-thiazol-2-yl)acetamide"
EGFR,7jxq,D,VNS,556.65,"(2R)-2-(5-fluoro-2-hydroxyphenyl)-2-{6-[4-(1-methylpiperidin-4-yl)phenyl]-1-oxo-1,3-dihydro-2H-isoindol-2-yl}-N-(1,3-thiazol-2-yl)acetamide"
EGFR,7ltx,A,YFA,553.65,"(2R)-2-{5-fluoro-6-[4-(1-methylpiperidin-4-yl)phenyl]-4-oxoquinazolin-3(4H)-yl}-2-phenyl-N-(1,3-thiazol-2-yl)acetamide"
EGFR,7ltx,B,YFA,553.65,"(2R)-2-{5-fluoro-6-[4-(1-methylpiperidin-4-yl)phenyl]-4-oxoquinazolin-3(4H)-yl}-2-phenyl-N-(1,3-thiazol-2-yl)acetamide"
EGFR,7ltx,C,YFA,553.65,"(2R)-2-{5-fluoro-6-[4-(1-methylpiperidin-4-yl)phenyl]-4-oxoquinazolin-3(4H)-yl}-2-phenyl-N-(1,3-thiazol-2-yl)acetamide"
EGFR,7ltx,D,YFA,553.65,"(2R)-2-{5-fluoro-6-[4-(1-methylpiperidin-4-yl)phenyl]-4-oxoquinazolin-3(4H)-yl}-2-phenyl-N-(1,3-thiazol-2-yl)acetamide"
EGFR,7t4i,A,R28,587.712,propan-2-yl 2-[[4-[2-(dimethylamino)ethyl-methyl-amino]-2-methoxy-5-(propanoylamino)phenyl]amino]-4-(1-methylindol-3-yl)pyrimidine-5-carboxylate
EGFR,7t4j,A,R28,587.712,propan-2-yl 2-[[4-[2-(dimethylamino)ethyl-methyl-amino]-2-methoxy-5-(propanoylamino)phenyl]amino]-4-(1-methylindol-3-yl)pyrimidine-5-carboxylate
EGFR,7t4j,B,R28,587.712,propan-2-yl 2-[[4-[2-(dimethylamino)ethyl-methyl-amino]-2-methoxy-5-(propanoylamino)phenyl]amino]-4-(1-methylindol-3-yl)pyrimidine-5-carboxylate
EGFR,7ky0,A,XA4,542.675,"(20R)-10,15,20-trimethyl-2-[(4-methylpiperazin-1-yl)methyl]-18,19,20,21-tetrahydro-15H,17H-12,8-(metheno)pyrazolo[3',4':2,3][1,5,10,12]oxatriazacycloheptadecino[12,11-a]benzimidazol-7(6H)-one"
EGFR,7ky0,B,XA4,542.675,"(20R)-10,15,20-trimethyl-2-[(4-methylpiperazin-1-yl)methyl]-18,19,20,21-tetrahydro-15H,17H-12,8-(metheno)pyrazolo[3',4':2,3][1,5,10,12]oxatriazacycloheptadecino[12,11-a]benzimidazol-7(6H)-one"
EGFR,7ky0,C,XA4,542.675,"(20R)-10,15,20-trimethyl-2-[(4-methylpiperazin-1-yl)methyl]-18,19,20,21-tetrahydro-15H,17H-12,8-(metheno)pyrazolo[3',4':2,3][1,5,10,12]oxatriazacycloheptadecino[12,11-a]benzimidazol-7(6H)-one"
EGFR,7ky0,D,XA4,542.675,"(20R)-10,15,20-trimethyl-2-[(4-methylpiperazin-1-yl)methyl]-18,19,20,21-tetrahydro-15H,17H-12,8-(metheno)pyrazolo[3',4':2,3][1,5,10,12]oxatriazacycloheptadecino[12,11-a]benzimidazol-7(6H)-one"
EGFR,7ukv,A,ZRT,556.659,N-[5-{[(4P)-4-{4-[(dimethylamino)methyl]-3-phenyl-1H-pyrazol-1-yl}pyrimidin-2-yl]amino}-4-methoxy-2-(morpholin-4-yl)phenyl]propanamide
EGFR,7u99,A,M0R,431.869,"19-chloro-22-methoxy-8,9,11,12,14,15-hexahydro-21H-4,6-ethenopyrimido[5,4-m][1,4,7,10,15]benzotetraoxazacycloheptadecine"
EGFR,7u9a,A,M19,335.718,4-(5-chloro-4-fluoro-2-hydroxyanilino)-7-methoxyquinazolin-6-ol
EGFR,7ukw,B,ZRT,556.659,N-[5-{[(4P)-4-{4-[(dimethylamino)methyl]-3-phenyl-1H-pyrazol-1-yl}pyrimidin-2-yl]amino}-4-methoxy-2-(morpholin-4-yl)phenyl]propanamide
EGFR,7ukw,C,ZRT,556.659,N-[5-{[(4P)-4-{4-[(dimethylamino)methyl]-3-phenyl-1H-pyrazol-1-yl}pyrimidin-2-yl]amino}-4-methoxy-2-(morpholin-4-yl)phenyl]propanamide
EGFR,7vra,A,I0A,612.139,"25-chloro-11-(ethylsulfonyl)-44-morpholino-11H-5,12-dioxa-3-aza-1(3,6)-indola-2(4,2)-pyrimidina-4(1,3)-benzenacyclododecaphane"
EGFR,7zym,A,6GY,584.092,"5-chloro-N~4~-[2-(dimethylphosphoryl)phenyl]-N~2~-{2-methoxy-4-[4-(4-methylpiperazin-1-yl)piperidin-1-yl]phenyl}pyrimidine-2,4-diamine"
EGFR,7vre,A,7VH,658.642,5-chloranyl-N-[5-chloranyl-2-methoxy-4-[4-(4-methylpiperazin-1-yl)piperidin-1-yl]phenyl]-4-(1-ethylsulfonylindol-3-yl)pyrimidin-2-amine
EGFR,7zyp,A,R25,514.619,propan-2-yl 2-[[4-(4-azanylpiperidin-1-yl)-2-methoxy-phenyl]amino]-4-(1-methylindol-3-yl)pyrimidine-5-carboxylate
EGFR,7zyn,A,0UN,494.973,N-{3-[(5-chloro-2-{[2-methoxy-4-(4-methylpiperazin-1-yl)phenyl]amino}pyrimidin-4-yl)oxy]phenyl}prop-2-enamide
EGFR,8a2b,A,KY9,674.735,"(2R)-2-(6,7-dihydro-5H-pyrrolo[1,2-c]imidazol-1-yl)-2-[5-[2-[4-[[4-(hydroxymethyl)piperidin-1-yl]methyl]phenyl]ethynyl]-3-oxidanylidene-7-(trifluoromethyl)-1H-isoindol-2-yl]-N-(1,3-thiazol-2-yl)ethanamide"
EGFR,8a27,A,KY9,674.735,"(2R)-2-(6,7-dihydro-5H-pyrrolo[1,2-c]imidazol-1-yl)-2-[5-[2-[4-[[4-(hydroxymethyl)piperidin-1-yl]methyl]phenyl]ethynyl]-3-oxidanylidene-7-(trifluoromethyl)-1H-isoindol-2-yl]-N-(1,3-thiazol-2-yl)ethanamide"
EGFR,8a2a,A,KY9,674.735,"(2R)-2-(6,7-dihydro-5H-pyrrolo[1,2-c]imidazol-1-yl)-2-[5-[2-[4-[[4-(hydroxymethyl)piperidin-1-yl]methyl]phenyl]ethynyl]-3-oxidanylidene-7-(trifluoromethyl)-1H-isoindol-2-yl]-N-(1,3-thiazol-2-yl)ethanamide"
EGFR,8a2d,A,KXY,681.797,"(2R)-2-[4-[bis(fluoranyl)methyl]-6-[2-[4-[[4-(hydroxymethyl)piperidin-1-yl]methyl]phenyl]ethynyl]-7-methyl-indazol-2-yl]-2-spiro[6,7-dihydropyrrolo[1,2-c]imidazole-5,1'-cyclopropane]-1-yl-N-(1,3-thiazol-2-yl)ethanamide"
EGFR,8d76,A,QFO,543.657,"(3S,4R)-3-fluoro-1-(4-{[8-{3-[(methanesulfonyl)methyl]azetidin-1-yl}-5-(propan-2-yl)-2,7-naphthyridin-3-yl]amino}pyrimidin-2-yl)-3-methylpiperidin-4-ol"
EGFR,8d76,B,QFO,543.657,"(3S,4R)-3-fluoro-1-(4-{[8-{3-[(methanesulfonyl)methyl]azetidin-1-yl}-5-(propan-2-yl)-2,7-naphthyridin-3-yl]amino}pyrimidin-2-yl)-3-methylpiperidin-4-ol"
EGFR,8f1h,A,X9H,396.445,"N-[(5P,8S,10R)-4-amino-6-methyl-5-(quinolin-3-yl)-8,9-dihydropyrimido[5,4-b]indolizin-8-yl]prop-2-enamide"
EGFR,8d73,A,QCR,412.464,"(3S,4R)-3-fluoro-1-(4-{[4-(methylamino)-1-(propan-2-yl)pyrido[3,4-d]pyridazin-7-yl]amino}pyrimidin-2-yl)piperidin-4-ol"
EGFR,8d73,B,QCR,412.464,"(3S,4R)-3-fluoro-1-(4-{[4-(methylamino)-1-(propan-2-yl)pyrido[3,4-d]pyridazin-7-yl]amino}pyrimidin-2-yl)piperidin-4-ol"
EGFR,8eme,B,ZNL,477.579,N-{7-methyl-1-[(3S)-1-(prop-2-enoyl)azepan-3-yl]-1H-benzimidazol-2-yl}-5-(prop-2-enamido)thiophene-3-carboxamide
EGFR,8f1x,A,R28,587.712,propan-2-yl 2-[[4-[2-(dimethylamino)ethyl-methyl-amino]-2-methoxy-5-(propanoylamino)phenyl]amino]-4-(1-methylindol-3-yl)pyrimidine-5-carboxylate
EGFR,8f1w,A,R2E,493.358,"1-[4-[4-[[3,4-bis(chloranyl)-2-fluoranyl-phenyl]amino]-7-methoxy-quinazolin-6-yl]oxypiperidin-1-yl]propan-1-one"
EGFR,8f1w,B,R2E,493.358,"1-[4-[4-[[3,4-bis(chloranyl)-2-fluoranyl-phenyl]amino]-7-methoxy-quinazolin-6-yl]oxypiperidin-1-yl]propan-1-one"
EGFR,8f1w,C,R2E,493.358,"1-[4-[4-[[3,4-bis(chloranyl)-2-fluoranyl-phenyl]amino]-7-methoxy-quinazolin-6-yl]oxypiperidin-1-yl]propan-1-one"
EGFR,8f1w,D,R2E,493.358,"1-[4-[4-[[3,4-bis(chloranyl)-2-fluoranyl-phenyl]amino]-7-methoxy-quinazolin-6-yl]oxypiperidin-1-yl]propan-1-one"
EGFR,8f1y,A,R2E,493.358,"1-[4-[4-[[3,4-bis(chloranyl)-2-fluoranyl-phenyl]amino]-7-methoxy-quinazolin-6-yl]oxypiperidin-1-yl]propan-1-one"
EGFR,8f1z,A,X9B,470.949,"(2P)-3-(3-chloro-2-methoxyanilino)-2-[3-(2-methoxy-2-methylpropoxy)pyridin-4-yl]-1,5,6,7-tetrahydro-4H-pyrrolo[3,2-c]pyridin-4-one"
EGFR,8g63,A,YXT,420.526,ralimetinib
EGFR,8fv3,C,YA6,564.633,"N-{(4P)-4-[(4P)-5-{3-[(8-fluoro-11-oxo-5,11-dihydro-10H-dibenzo[b,e][1,4]diazepin-10-yl)methyl]phenyl}-2-(methylsulfanyl)-1H-imidazol-4-yl]pyridin-2-yl}acetamide"
EGFR,8fv4,D,YAA,575.64,"N-{(3P)-3-[(4P)-4-(2-acetamidopyridin-4-yl)-2-(methylsulfanyl)-1H-imidazol-5-yl]phenyl}-11-oxo-10,11-dihydro-5H-dibenzo[b,e][1,4]diazepine-9-carboxamide"
EGFR,8h7x,A,6GY,584.092,"5-chloro-N~4~-[2-(dimethylphosphoryl)phenyl]-N~2~-{2-methoxy-4-[4-(4-methylpiperazin-1-yl)piperidin-1-yl]phenyl}pyrimidine-2,4-diamine"
EGFR,8hv1,A,PE5,398.489,"3,6,9,12,15,18,21,24-OCTAOXAHEXACOSAN-1-OL"
EGFR,8hv1,A,N6N,256.122,"3-(3-bromophenyl)-1,4-dihydro-1,2,4-triazole-5-thione"
EGFR,8gb4,A,YW5,530.635,"2-[(R)-(1H-benzimidazol-2-yl)(3-fluorophenyl)methyl]-6-[4-(1-methylpiperidin-4-yl)phenyl]-2,3-dihydro-1H-isoindol-1-one"
EGFR,8gb4,B,YW5,530.635,"2-[(R)-(1H-benzimidazol-2-yl)(3-fluorophenyl)methyl]-6-[4-(1-methylpiperidin-4-yl)phenyl]-2,3-dihydro-1H-isoindol-1-one"
EGFR,8gb4,C,YW5,530.635,"2-[(R)-(1H-benzimidazol-2-yl)(3-fluorophenyl)methyl]-6-[4-(1-methylpiperidin-4-yl)phenyl]-2,3-dihydro-1H-isoindol-1-one"
EGFR,8gb4,D,YW5,530.635,"2-[(R)-(1H-benzimidazol-2-yl)(3-fluorophenyl)methyl]-6-[4-(1-methylpiperidin-4-yl)phenyl]-2,3-dihydro-1H-isoindol-1-one"
EGFR,8hv2,A,MWU,148.162,~{N}-pyridin-2-ylprop-2-enamide
EGFR,8gk5,A,Q6K,501.623,~{N}-[2-[2-(dimethylamino)ethyl-methyl-amino]-4-methoxy-5-[[4-(1-methylindol-3-yl)pyrimidin-2-yl]amino]phenyl]propanamide
EGFR,8gk5,B,Q6K,501.623,~{N}-[2-[2-(dimethylamino)ethyl-methyl-amino]-4-methoxy-5-[[4-(1-methylindol-3-yl)pyrimidin-2-yl]amino]phenyl]propanamide
EGFR,8gk5,C,Q6K,501.623,~{N}-[2-[2-(dimethylamino)ethyl-methyl-amino]-4-methoxy-5-[[4-(1-methylindol-3-yl)pyrimidin-2-yl]amino]phenyl]propanamide
EGFR,8gk5,D,Q6K,501.623,~{N}-[2-[2-(dimethylamino)ethyl-methyl-amino]-4-methoxy-5-[[4-(1-methylindol-3-yl)pyrimidin-2-yl]amino]phenyl]propanamide
EGFR,8gk5,A,YW5,530.635,"2-[(R)-(1H-benzimidazol-2-yl)(3-fluorophenyl)methyl]-6-[4-(1-methylpiperidin-4-yl)phenyl]-2,3-dihydro-1H-isoindol-1-one"
EGFR,8gk5,B,YW5,530.635,"2-[(R)-(1H-benzimidazol-2-yl)(3-fluorophenyl)methyl]-6-[4-(1-methylpiperidin-4-yl)phenyl]-2,3-dihydro-1H-isoindol-1-one"
EGFR,8gk5,C,YW5,530.635,"2-[(R)-(1H-benzimidazol-2-yl)(3-fluorophenyl)methyl]-6-[4-(1-methylpiperidin-4-yl)phenyl]-2,3-dihydro-1H-isoindol-1-one"
EGFR,8gk5,D,YW5,530.635,"2-[(R)-(1H-benzimidazol-2-yl)(3-fluorophenyl)methyl]-6-[4-(1-methylpiperidin-4-yl)phenyl]-2,3-dihydro-1H-isoindol-1-one"
EGFR,8hv4,A,PE5,398.489,"3,6,9,12,15,18,21,24-OCTAOXAHEXACOSAN-1-OL"
EGFR,8hv4,A,MWU,148.162,~{N}-pyridin-2-ylprop-2-enamide
EGFR,8hv3,A,PE5,398.489,"3,6,9,12,15,18,21,24-OCTAOXAHEXACOSAN-1-OL"
EGFR,8hv3,A,MWU,148.162,~{N}-pyridin-2-ylprop-2-enamide
EGFR,8hv5,A,PE5,398.489,"3,6,9,12,15,18,21,24-OCTAOXAHEXACOSAN-1-OL"
EGFR,8hv5,A,N7C,201.225,~{N}-(1-methylbenzimidazol-4-yl)prop-2-enamide
EGFR,8hv7,A,PE5,398.489,"3,6,9,12,15,18,21,24-OCTAOXAHEXACOSAN-1-OL"
EGFR,8hv7,A,N8O,245.28,"~{N}-[7-(dimethylamino)-2-methyl-pyrazolo[1,5-a]pyrimidin-5-yl]prop-2-enamide"
EGFR,8hv8,A,PE5,398.489,"3,6,9,12,15,18,21,24-OCTAOXAHEXACOSAN-1-OL"
EGFR,8hv8,A,N99,187.198,"~{N}-pyrazolo[1,5-a]pyridin-2-ylprop-2-enamide"
EGFR,8hv9,A,PE5,398.489,"3,6,9,12,15,18,21,24-OCTAOXAHEXACOSAN-1-OL"
EGFR,8hv9,A,N9L,224.258,~{N}-(4-phenylpyridin-2-yl)prop-2-enamide
EGFR,8hv6,A,PE5,398.489,"3,6,9,12,15,18,21,24-OCTAOXAHEXACOSAN-1-OL"
EGFR,8hv6,A,N86,198.221,~{N}-quinolin-7-ylprop-2-enamide
EGFR,8hva,A,N9R,278.309,~{N}-[6-(1-methylindol-3-yl)pyrimidin-4-yl]prop-2-enamide
EGFR,8kfq,A,VUZ,433.894,~{N}-[3-[[6-chloranyl-2-[(1-ethylpyrazol-4-yl)amino]quinazolin-4-yl]amino]phenyl]prop-2-enamide
EGFR,8pnz,A,2I0,487.55,"1-[(3~{S})-3-[4-(6,7-dimethoxyquinazolin-4-yl)-3-(3-methoxyphenyl)pyrazol-1-yl]pyrrolidin-1-yl]propan-1-one"
EGFR,8hy7,A,NSO,497.567,~{N}-[3-[[6-fluoranyl-2-[[4-(4-methylpiperazin-1-yl)phenyl]amino]quinazolin-4-yl]amino]phenyl]prop-2-enamide
EGFR,8po0,A,2I6,459.497,1-[3-[7-methoxy-4-[3-(3-methoxyphenyl)-1~{H}-pyrazol-4-yl]quinazolin-6-yl]oxyazetidin-1-yl]propan-1-one
EGFR,8po1,A,2EI,535.636,"2-methyl-5-[[3-[1-[(3~{S},5~{R})-5-methyl-1-propanoyl-pyrrolidin-3-yl]-4-pyridin-4-yl-pyrazol-3-yl]phenoxy]methyl]-3~{H}-isoindol-1-one"
EGFR,8po3,A,2II,521.61,2-methyl-5-[[3-[1-[(3~{S})-1-propanoylpyrrolidin-3-yl]-4-pyridin-4-yl-pyrazol-3-yl]phenoxy]methyl]-3~{H}-isoindol-1-one
EGFR,8po2,A,26X,481.549,1-cyclopropyl-~{N}-[3-[1-(1-propanoylazetidin-3-yl)-4-pyridin-4-yl-pyrazol-3-yl]phenyl]imidazole-4-carboxamide
EGFR,8po2,B,26X,481.549,1-cyclopropyl-~{N}-[3-[1-(1-propanoylazetidin-3-yl)-4-pyridin-4-yl-pyrazol-3-yl]phenyl]imidazole-4-carboxamide
EGFR,8po4,A,26X,481.549,1-cyclopropyl-~{N}-[3-[1-(1-propanoylazetidin-3-yl)-4-pyridin-4-yl-pyrazol-3-yl]phenyl]imidazole-4-carboxamide
EGFR,7u98,A,M1O,449.86,"19-chloro-18-fluoro-22-methoxy-8,9,11,12,14,15-hexahydro-21H-4,6-ethenopyrimido[5,4-m][1,4,7,10,15]benzotetraoxazacycloheptadecine"
EGFR,7u98,B,M1O,449.86,"19-chloro-18-fluoro-22-methoxy-8,9,11,12,14,15-hexahydro-21H-4,6-ethenopyrimido[5,4-m][1,4,7,10,15]benzotetraoxazacycloheptadecine"
EGFR,7u98,C,M1O,449.86,"19-chloro-18-fluoro-22-methoxy-8,9,11,12,14,15-hexahydro-21H-4,6-ethenopyrimido[5,4-m][1,4,7,10,15]benzotetraoxazacycloheptadecine"
EGFR,7u98,D,M1O,449.86,"19-chloro-18-fluoro-22-methoxy-8,9,11,12,14,15-hexahydro-21H-4,6-ethenopyrimido[5,4-m][1,4,7,10,15]benzotetraoxazacycloheptadecine"
EGFR,8tjl,A,HZ6,318.374,"1-{3-[(4-amino-1-tert-butyl-1H-pyrazolo[3,4-d]pyrimidin-3-yl)oxy]azetidin-1-yl}propan-1-one"
EGFR,8sc7,A,D0D,453.945,N-[(5P)-2-chloro-5-(4-{[(1R)-1-phenylethyl]amino}quinazolin-6-yl)pyridin-3-yl]methanesulfonamide
EGFR,8to3,A,IXC,722.857,"3-hydroxy-N-{(3P)-3-[(4P)-2-(methylsulfanyl)-5-{2-[4-(piperazin-1-yl)anilino]pyridin-4-yl}-1H-imidazol-4-yl]phenyl}-2-[(1-oxo-1,3-dihydro-2H-isoindol-2-yl)methyl]benzamide"
EGFR,8sc9,B,D0D,453.945,N-[(5P)-2-chloro-5-(4-{[(1R)-1-phenylethyl]amino}quinazolin-6-yl)pyridin-3-yl]methanesulfonamide
EGFR,8to4,C,IXR,363.39,"(2R)-2-(1,3-dioxo-1,3-dihydro-2H-isoindol-2-yl)-2-phenyl-N-(1,3-thiazol-2-yl)acetamide"
EGFR,8to4,D,IXR,363.39,"(2R)-2-(1,3-dioxo-1,3-dihydro-2H-isoindol-2-yl)-2-phenyl-N-(1,3-thiazol-2-yl)acetamide"
EGFR,8wd4,A,W7W,534.582,"~{N}-[3,3-bis(fluoranyl)propyl]-4-[[(2~{S})-butan-2-yl]amino]-6-[[2-(1-cyclopropylsulfonylpyrazol-4-yl)pyrimidin-4-yl]amino]pyridine-3-carboxamide"
EGFR,9by4,A,PDO,76.094,"1,3-PROPANDIOL"
EGFR,9by4,A,Q6K,501.623,~{N}-[2-[2-(dimethylamino)ethyl-methyl-amino]-4-methoxy-5-[[4-(1-methylindol-3-yl)pyrimidin-2-yl]amino]phenyl]propanamide
EGFR,9d3v,A,A1A5V,369.464,"(4S)-N-[2-(4-methoxypiperidin-1-yl)pyrimidin-4-yl]-2-methyl-1-(propan-2-yl)-1H-imidazo[1,2-b]pyrazol-6-amine"
EGFR,9by6,A,PDO,76.094,"1,3-PROPANDIOL"
EGFR,9by6,A,Q6K,501.623,~{N}-[2-[2-(dimethylamino)ethyl-methyl-amino]-4-methoxy-5-[[4-(1-methylindol-3-yl)pyrimidin-2-yl]amino]phenyl]propanamide
EGFR,9df2,A,A1IMS,468.933,"3-[(3-chloranyl-2-methoxy-phenyl)amino]-2-[3-[[(2S)-oxolan-2-yl]methoxy]pyridin-4-yl]-1,5,6,7-tetrahydropyrrolo[3,2-c]pyridin-4-one"
EGFR,9df3,A,A1IMS,468.933,"3-[(3-chloranyl-2-methoxy-phenyl)amino]-2-[3-[[(2S)-oxolan-2-yl]methoxy]pyridin-4-yl]-1,5,6,7-tetrahydropyrrolo[3,2-c]pyridin-4-one"
EGFR,9df4,A,A1A4E,587.112,"(2P)-3-(3-chloro-2-methoxyanilino)-2-[3-({(2R)-1-[(2E)-4-(dimethylamino)but-2-enoyl]-2-methylpyrrolidin-2-yl}ethynyl)pyridin-4-yl]-1,5,6,7-tetrahydro-4H-pyrrolo[3,2-c]pyridin-4-one"
EGFR,9dm8,A,A1A6K,610.709,"(6M)-1-{2-[4-(2-methoxyethyl)piperazin-1-yl]-1-methyl-4-[(1S,4R)-2-oxa-5-azabicyclo[2.2.1]heptan-5-yl]-1H-imidazo[4,5-c]pyridin-6-yl}-6-(4-methoxypyridin-3-yl)-4-methyl-1H-pyrazolo[4,3-c]pyridine"
EGFR,9d3w,A,A1A5L,485.554,"(4S)-1-(1,4-dioxaspiro[4.5]decan-8-yl)-N-{2-[(3S,4R)-3-fluoro-4-methoxypiperidin-1-yl]pyrimidin-4-yl}-2-methyl-1H-imidazo[1,2-b]pyrazol-6-amine"
EGFR,9ews,A,A1H7N,420.466,"1-[3-pyridin-4-yl-2-[3-(2-pyrimidin-2-ylethynyl)phenyl]-4,6-dihydropyrrolo[3,4-d]imidazol-5-yl]propan-1-one"
EGFR,9fqp,A,A1IEZ,444.886,"(7~{S})-3-[(3-chloranyl-2-methoxy-phenyl)amino]-2-(3-fluoranylpyridin-4-yl)-7-(2-methoxyethyl)-1,5,6,7-tetrahydropyrrolo[3,2-c]pyridin-4-one"
EGFR,9ewt,A,A1H7O,451.52,"1-[2-[3-[(E)-2-(5-cyclopropyl-1,3-oxazol-2-yl)ethenyl]phenyl]-3-pyridin-4-yl-4,6-dihydropyrrolo[3,4-d]imidazol-5-yl]propan-1-one"
EGFR,9ewt,B,A1H7O,451.52,"1-[2-[3-[(E)-2-(5-cyclopropyl-1,3-oxazol-2-yl)ethenyl]phenyl]-3-pyridin-4-yl-4,6-dihydropyrrolo[3,4-d]imidazol-5-yl]propan-1-one"
EGFR,9frd,A,A1IEZ,444.886,"(7~{S})-3-[(3-chloranyl-2-methoxy-phenyl)amino]-2-(3-fluoranylpyridin-4-yl)-7-(2-methoxyethyl)-1,5,6,7-tetrahydropyrrolo[3,2-c]pyridin-4-one"
EGFR,9fzs,A,A1IHD,442.871,1-[(3~{R})-3-[4-[(3-chloranyl-4-fluoranyl-phenyl)amino]-7-methoxy-quinazolin-6-yl]oxypyrrolidin-1-yl]prop-2-en-1-one
EGFR,9fqs,A,A1IE0,501.552,"3-[(3-fluoranyl-2-methoxy-phenyl)amino]-2-[3-[2-[(2R)-1-propanoylpyrrolidin-2-yl]ethynyl]pyridin-4-yl]-1,5,6,7-tetrahydropyrrolo[3,2-c]pyridin-4-one"
EGFR,9gc6,A,A1IZ9,432.425,"1-[2-[5-fluoranyl-4-(2-fluorophenyl)pyridin-2-yl]-3-pyrimidin-4-yl-4,6-dihydropyrrolo[3,4-d]imidazol-5-yl]propan-1-one"
EGFR,9gc6,B,A1IZ9,432.425,"1-[2-[5-fluoranyl-4-(2-fluorophenyl)pyridin-2-yl]-3-pyrimidin-4-yl-4,6-dihydropyrrolo[3,4-d]imidazol-5-yl]propan-1-one"
EGFR,9fzr,A,A1IHC,444.886,1-[(3~{S})-3-[4-[(3-chloranyl-4-fluoranyl-phenyl)amino]-7-methoxy-quinazolin-6-yl]oxypyrrolidin-1-yl]propan-1-one
EGFR,9gc5,A,A1IZ8,472.446,"1-[2-[5-(1,3-benzoxazol-4-yl)-2,4-bis(fluoranyl)phenyl]-3-pyrimidin-4-yl-4,6-dihydropyrrolo[3,4-d]imidazol-5-yl]propan-1-one"
EGFR,9gc5,B,A1IZ8,472.446,"1-[2-[5-(1,3-benzoxazol-4-yl)-2,4-bis(fluoranyl)phenyl]-3-pyrimidin-4-yl-4,6-dihydropyrrolo[3,4-d]imidazol-5-yl]propan-1-one"
EGFR,9gc4,A,A1IZ7,464.879,"1-[2-[3-(3-chloranyl-6-fluoranyl-pyridin-2-yl)oxyphenyl]-3-pyrimidin-4-yl-4,6-dihydropyrrolo[3,4-d]imidazol-5-yl]propan-1-one"
EGFR,9gc4,B,A1IZ7,464.879,"1-[2-[3-(3-chloranyl-6-fluoranyl-pyridin-2-yl)oxyphenyl]-3-pyrimidin-4-yl-4,6-dihydropyrrolo[3,4-d]imidazol-5-yl]propan-1-one"
EGFR,9gdv,A,Q6K,501.623,~{N}-[2-[2-(dimethylamino)ethyl-methyl-amino]-4-methoxy-5-[[4-(1-methylindol-3-yl)pyrimidin-2-yl]amino]phenyl]propanamide
EGFR,9gdv,B,Q6K,501.623,~{N}-[2-[2-(dimethylamino)ethyl-methyl-amino]-4-methoxy-5-[[4-(1-methylindol-3-yl)pyrimidin-2-yl]amino]phenyl]propanamide
EGFR,9ghs,A,A1ILJ,471.554,(~{N}~{E})-2-(1-methylpyrazol-4-yl)-~{N}-[3-[(3~{R})-1-propanoylazepan-3-yl]-1~{H}-benzimidazol-2-ylidene]pyridine-4-carboxamide
EGFR,9ghr,A,A1ILN,518.609,(~{N}~{E})-2-isoquinolin-4-yl-~{N}-[3-[(3~{R})-1-propanoylazepan-3-yl]-1~{H}-benzimidazol-2-ylidene]pyridine-4-carboxamide
EGFR,9ght,A,XA4,542.675,"(20R)-10,15,20-trimethyl-2-[(4-methylpiperazin-1-yl)methyl]-18,19,20,21-tetrahydro-15H,17H-12,8-(metheno)pyrazolo[3',4':2,3][1,5,10,12]oxatriazacycloheptadecino[12,11-a]benzimidazol-7(6H)-one"
EGFR,9ghu,A,A1ILK,485.581,"(~{N}~{E})-2-(1,3-dimethylpyrazol-4-yl)-~{N}-[3-[(3~{R})-1-propanoylazepan-3-yl]-1~{H}-benzimidazol-2-ylidene]pyridine-4-carboxamide"
EGFR,9gi9,A,A1ILZ,468.933,"3-[(3-chloranyl-2-methoxy-phenyl)amino]-2-[3-[[(2~{R})-oxolan-2-yl]methoxy]pyridin-4-yl]-1,5,6,7-tetrahydropyrrolo[3,2-c]pyridin-4-one"
EGFR,9ghv,A,A1ILI,552.627,2-[[2-(1-methylpyrazol-4-yl)pyridin-4-yl]carbonylamino]-1-[(3~{R})-1-propanoylazepan-3-yl]-~{N}-prop-2-ynyl-benzimidazole-5-carboxamide
EGFR,9h46,A,A1ISA,372.42,"5-ethyl-2-[(2-methoxyphenyl)amino]-8-phenyl-pyrido[2,3-d]pyrimidin-7-one"
EGFR,9gl7,A,A1IMS,468.933,"3-[(3-chloranyl-2-methoxy-phenyl)amino]-2-[3-[[(2S)-oxolan-2-yl]methoxy]pyridin-4-yl]-1,5,6,7-tetrahydropyrrolo[3,2-c]pyridin-4-one"
EGFR,9h47,A,A1IR9,414.503,"2-[[4-[2-(dimethylamino)ethyl-methyl-amino]phenyl]amino]-8-phenyl-pyrido[2,3-d]pyrimidin-7-one"
EGFR,9gl9,A,A1IMT,589.128,"(2R,3S)-3-[(3-chloranyl-2-methoxy-phenyl)amino]-2-[3-[2-[(2R)-1-[(E)-4-(dimethylamino)but-2-enoyl]-2-methyl-pyrrolidin-2-yl]ethynyl]pyridin-4-yl]-1,2,3,5,6,7-hexahydropyrrolo[3,2-c]pyridin-4-one"
EGFR,9gl8,A,A1IMT,589.128,"(2R,3S)-3-[(3-chloranyl-2-methoxy-phenyl)amino]-2-[3-[2-[(2R)-1-[(E)-4-(dimethylamino)but-2-enoyl]-2-methyl-pyrrolidin-2-yl]ethynyl]pyridin-4-yl]-1,2,3,5,6,7-hexahydropyrrolo[3,2-c]pyridin-4-one"
EGFR,9h42,A,A1IR8,442.556,"2-[[4-[2-(dimethylamino)ethyl-methyl-amino]phenyl]amino]-5-ethyl-8-phenyl-pyrido[2,3-d]pyrimidin-7-one"
EGFR,9hbo,A,A1IUK,485.437,"1-[2-[5-[1-[bis(fluoranyl)methyl]-5-methyl-pyrazol-4-yl]-2,4-bis(fluoranyl)phenyl]-3-pyrimidin-4-yl-4,6-dihydropyrrolo[3,4-d]imidazol-5-yl]propan-1-one"
EGFR,9hbo,B,A1IUK,485.437,"1-[2-[5-[1-[bis(fluoranyl)methyl]-5-methyl-pyrazol-4-yl]-2,4-bis(fluoranyl)phenyl]-3-pyrimidin-4-yl-4,6-dihydropyrrolo[3,4-d]imidazol-5-yl]propan-1-one"
EGFR,9jl7,A,DM2,543.519,DOXORUBICIN
EGFR,9klw,A,A1L53,500.554,"N-[4-[4-amino-6-ethynyl-5-(3-quinolyl)pyrrolo[2,3-d]pyrimidin-7-yl]norbornan-1-yl]pyrimidine-5-carboxamide"
EGFR,9jq1,A,A1ECU,710.034,"2,2-bis(chloranyl)-~{N}-[5-[[5-chloranyl-4-[(2-dimethylphosphorylphenyl)amino]pyrimidin-2-yl]amino]-4-methoxy-2-[4-(4-methylpiperazin-1-yl)piperidin-1-yl]phenyl]ethanamide"
EGFR,9kl4,A,A1L53,500.554,"N-[4-[4-amino-6-ethynyl-5-(3-quinolyl)pyrrolo[2,3-d]pyrimidin-7-yl]norbornan-1-yl]pyrimidine-5-carboxamide"
EGFR,9msr,A,A1BRC,563.065,"N-[4-(3-chloro-2-fluoroanilino)-7-{[(1S,5R)-3-methyl-3-azabicyclo[3.1.0]hexan-1-yl]ethynyl}quinazolin-6-yl]-4-(morpholin-4-yl)butanamide"
EGFR,9mss,A,A1BYO,548.079,Limertinib. bound form
EGFR,9mst,A,A1BYN,569.621,"Befotertinib, bound form"
EGFR,9n6g,A,A1BWA,479.502,"N-{(3P)-3-[(4P)-5-(2-acetamidopyridin-4-yl)-2-(methylsulfanyl)-1H-imidazol-4-yl]phenyl}-2,6-difluorobenzamide"
EGFR,9n6g,B,A1BWA,479.502,"N-{(3P)-3-[(4P)-5-(2-acetamidopyridin-4-yl)-2-(methylsulfanyl)-1H-imidazol-4-yl]phenyl}-2,6-difluorobenzamide"
EGFR,9n6g,C,A1BWA,479.502,"N-{(3P)-3-[(4P)-5-(2-acetamidopyridin-4-yl)-2-(methylsulfanyl)-1H-imidazol-4-yl]phenyl}-2,6-difluorobenzamide"
EGFR,9n6g,D,A1BWA,479.502,"N-{(3P)-3-[(4P)-5-(2-acetamidopyridin-4-yl)-2-(methylsulfanyl)-1H-imidazol-4-yl]phenyl}-2,6-difluorobenzamide"
EGFR,9ngp,A,A1BX7,592.694,"(6M)-1-{2-[(5S,8aR)-hexahydropyrrolo[1,2-a]pyrazin-2(1H)-yl]-1-methyl-4-[(1R,4R)-2-oxa-5-azabicyclo[2.2.1]heptan-5-yl]-1H-imidazo[4,5-c]pyridin-6-yl}-6-(4-methoxypyridin-3-yl)-4-methyl-1H-pyrazolo[4,3-c]pyridine"
EGFR,9nj7,A,A1BYL,527.66,"Almonertinib, bound form"
EGFR,9njn,A,A1BYS,502.611,"N-[2-{[2-(dimethylamino)ethyl](methyl)amino}-4-methoxy-5-({(4M)-4-[(4S)-8-methylimidazo[1,2-a]pyridin-3-yl]pyrimidin-2-yl}amino)phenyl]propanamide"
EGFR,9nhw,A,A1BYD,541.687,"Oritinib, bound form"
EGFR,9nis,A,A1BYK,570.609,"Alflutinib, bound form"
EGFR,9nm0,A,VO7,485.581,N-(2-{[2-(dimethylamino)ethyl](methyl)amino}-5-{[4-(1H-indol-3-yl)pyrimidin-2-yl]amino}-4-methoxyphenyl)propanamide
EGFR,9ou9,A,A1CEL,459.901,"4-(3-chloro-2-fluoroanilino)-7-methoxyquinazolin-6-yl (2R)-2,4-dimethylpiperazine-1-carboxylate"
EGFR,9os6,A,A1CEA,485.938,Canertinib
EGFR,9p9u,A,6JS,373.365,"3-(furan-2-yl)-N-[5-(furan-2-yl)-2-methoxyphenyl]-1H-pyrazolo[3,4-d]pyrimidin-4-amine"
EGFR,9q0s,A,A1CNG,376.18,"N-(3-bromo-2-fluorophenyl)-7,8-dihydro[1,4]dioxino[2,3-g]quinazolin-4-amine"
EGFR,9s3x,A,A1JLU,440.54,"2-[[4-[2-(dimethylamino)ethyl-methyl-amino]phenyl]amino]-5-ethenyl-8-phenyl-pyrido[2,3-d]pyrimidin-7-one"
EGFR,9qxn,AAA,SIN,118.088,SUCCINIC ACID
EGFR,9qxn,AAA,A1JBI,484.932,"3-[(3-chloranyl-2-methoxy-phenyl)amino]-2-[3-[[(2~{S})-1,4-dioxan-2-yl]methoxy]pyridin-4-yl]-1,5,6,7-tetrahydropyrrolo[3,2-c]pyridin-4-one"
EGFR,9u91,A,A1EOG,699.869,"N-[6-[[2-[[5-ethyl-2-methoxy-4-[4-(4-methylpiperazin-1-yl)piperidin-1-yl]phenyl]amino]-7H-pyrrolo[2,3-d]pyrimidin-4-yl]amino]quinoxalin-5-yl]-N-methyl-methanesulfonamide"
EGFR,9pmz,A,A1CI6,391.42,Icotinib
EGFR,9xu9,A,A1E1C,545.958,"5-chloranyl-~{N}4-(2-dimethylphosphorylphenyl)-~{N}2-[2-methoxy-4-(4-methylpiperazin-1-yl)-5-nitro-phenyl]pyrimidine-2,4-diamine"
EGFR,9u8c,A,A1L8T,662.772,"~{N}-[5-[[6-[(3~{R})-3-[3,5-bis(fluoranyl)phenyl]-1,2-oxazolidin-2-yl]pyrimidin-4-yl]amino]-2-[4-(4-cyclopropylpiperazin-1-yl)piperidin-1-yl]-4-methoxy-phenyl]propanamide"
EGFR,9u8c,B,A1L8T,662.772,"~{N}-[5-[[6-[(3~{R})-3-[3,5-bis(fluoranyl)phenyl]-1,2-oxazolidin-2-yl]pyrimidin-4-yl]amino]-2-[4-(4-cyclopropylpiperazin-1-yl)piperidin-1-yl]-4-methoxy-phenyl]propanamide"
EGFR,9u8c,C,A1L8T,662.772,"~{N}-[5-[[6-[(3~{R})-3-[3,5-bis(fluoranyl)phenyl]-1,2-oxazolidin-2-yl]pyrimidin-4-yl]amino]-2-[4-(4-cyclopropylpiperazin-1-yl)piperidin-1-yl]-4-methoxy-phenyl]propanamide"
EGFR,9u8c,D,A1L8T,662.772,"~{N}-[5-[[6-[(3~{R})-3-[3,5-bis(fluoranyl)phenyl]-1,2-oxazolidin-2-yl]pyrimidin-4-yl]amino]-2-[4-(4-cyclopropylpiperazin-1-yl)piperidin-1-yl]-4-methoxy-phenyl]propanamide"
